PMT_SITE,event,p_desiccation
150001535SP,1,0.0537
1500015DRYER1FP,0,0.0537
1500015HILL1FP,0,0.0537
1500027K2F,0,0.0161
1500027SUNSET,0,0.0161
1500032915,0,0.0161
1500032915A,0,0.0161
1500032915AA,0,0.0161
1500553132A,0,0.0161
1500553163A,0,0.0161
15006297E1,0,0.0161
1500635FDLT35P,0,0.0537
1500635FDLT3SP,0,0.0537
15008241KPSP20,0,0.0161
15008242PS20,0,0.0161
15008243KPSP20,0,0.0161
15022770621SP,0,0.0537
15022771021SP,0,0.0161
15022771821FP,0,0.0537
1504213P3,0,0.0537
1504498ORAN80P,0,0.0161
1505059AGRO5NP,0,0.0161
1505059AGRO5SP,0,0.0161
1505059BOCKSP,0,0.0161
1505059KIMSP,0,0.0161
1505059PET1SP,0,0.0537
1505059SMITHSP,0,0.0161
1505059TOMYEFP,0,0.0537
1505124D15,0,0.0537
1505124D15A,0,0.0537
150553216F,0,0.0161
150559121SK15FA,0,0.0537
150559122GN04GA,0,0.0537
150559122GN08GA,0,0.0537
150559122GN15GA,0,0.0537
1500015BERRY1SP,1,0.1684
1500015DRYER1FP,0,0.0537
1500015HILL1FP,0,0.0537
1500027K2F,0,0.0161
1500027S111,0,0.0161
1500027SUNSET,0,0.0161
1500032805,0,0.0163
1500032915,0,0.0161
1500032915A,0,0.0161
1500032915AA,0,0.0161
1500032950,0,0.0161
1500032950A,0,0.0161
1500032950B,0,0.0161
1500553132A,0,0.0161
1500553160PB1,0,0.0161
1500553162,0,0.0161
1500553163,0,0.0161
1500553163A,0,0.0161
1500553163P1,0,0.0161
15006297E1,0,0.0161
1500635FDLT35P,0,0.0537
1500635FDLT3SP,0,0.0537
1500635GRIMCP,0,0.0161
15008241KPSP20,0,0.0161
15008242PS20,0,0.0244
15008243KPSP20,0,0.0161
1501361071120JP,0,0.0161
1501361071220JP,0,0.0161
15022770621SP,0,0.0537
15022771021SP,0,0.0161
15022771821FP,0,0.0537
1504213P3,0,0.0537
1504548RP,0,0.0161
1504548SP1,0,0.0161
1504548SP2,0,0.0161
1505059AGRO5NP,0,0.0161
1505059AGRO5SP,0,0.0161
1505059BOCKSP,0,0.0161
1505059PET1SP,0,0.0537
1505059SMITHSP,0,0.0234
1505059TOMYEFP,0,0.0537
1505124D15,0,0.0537
1505124D15A,0,0.0537
150553216F,0,0.0161
150559121SK15FA,0,0.0537
150559122GN04GA,0,0.0537
150559122GN08GA,0,0.0537
150559122GN15GA,0,0.0537
1500015BERRY2SP,1,0.2424
1500015DRYER1FP,0,0.0537
1500015HILL1FP,0,0.0537
1500027K2F,0,0.0161
1500027S111,0,0.0161
1500027SUNSET,0,0.0161
1500032805,0,0.0163
1500032915,0,0.0161
1500032915A,0,0.0161
1500032915AA,0,0.0161
1500032950,0,0.0161
1500032950A,0,0.0161
1500032950B,0,0.0161
1500553132A,0,0.0161
1500553160PB1,0,0.0161
1500553162,0,0.0161
1500553163,0,0.0161
1500553163A,0,0.0161
1500553163P1,0,0.0161
15006297E1,0,0.0161
1500635FDLT35P,0,0.0537
1500635FDLT3SP,0,0.0537
1500635GRIMCP,0,0.0161
15008241KPSP20,0,0.0161
15008242PS20,0,0.0244
15008243KPSP20,0,0.0161
1501361071120JP,0,0.0161
1501361071220JP,0,0.0161
15022770621SP,0,0.0537
15022771021SP,0,0.0161
15022771821FP,0,0.0537
1504213P3,0,0.0537
1504548RP,0,0.0161
1504548SP1,0,0.0161
1504548SP2,0,0.0161
1505059AGRO5NP,0,0.0161
1505059AGRO5SP,0,0.0161
1505059BOCKSP,0,0.0161
1505059PET1SP,0,0.0537
1505059SMITHSP,0,0.0234
1505059TOMYEFP,0,0.0537
1505124D15,0,0.0537
1505124D15A,0,0.0537
150553216F,0,0.0161
150559121SK15FA,0,0.0537
150559122GN04GA,0,0.0537
150559122GN08GA,0,0.0537
150559122GN15GA,0,0.0537
1500015HILLFP1,1,0.2121
1500015DRYERFP,0,0.0161
1500015HILL1FP,0,0.1099
15008241PF20,0,0.0164
15022770421FP,0,0.0161
1505059PET1SP,0,0.0201
150559122GN08GA,0,0.0161
150559122GN15GA,0,0.0161
1500015SKONSP,1,0.2127
1500015DRYER1FP,0,0.0537
1500015HILL1FP,0,0.0537
1500027K2F,0,0.0161
1500027SUNSET,0,0.0161
1500032915,0,0.0161
1500032915A,0,0.0161
1500032915AA,0,0.0161
1500553132A,0,0.0161
1500553163A,0,0.0161
15006297E1,0,0.0161
1500635FDLT35P,0,0.0537
1500635FDLT3SP,0,0.0537
15008241KPSP20,0,0.0161
15008242PS20,0,0.0161
15008243KPSP20,0,0.0161
15022770621SP,0,0.0537
15022771021SP,0,0.0161
15022771821FP,0,0.0537
1504213P3,0,0.0537
1504498ORAN80P,0,0.0161
1505059AGRO5NP,0,0.0161
1505059AGRO5SP,0,0.0161
1505059BOCKSP,0,0.0161
1505059KIMSP,0,0.0161
1505059PET1SP,0,0.0537
1505059SMITHSP,0,0.0161
1505059TOMYEFP,0,0.0537
1505124D15,0,0.0537
1505124D15A,0,0.0537
150553216F,0,0.0161
150559121SK15FA,0,0.0537
150559122GN04GA,0,0.0537
150559122GN08GA,0,0.0537
150559122GN15GA,0,0.0537
1500635APPLEP,1,0.2231
1500015DRYER1FP,0,0.0537
1500015HILL1FP,0,0.0537
1500027K2F,0,0.0161
1500027S111,0,0.0163
1500027SUNSET,0,0.0161
15000321200,0,0.0161
15000321200A,0,0.0161
15000321401,0,0.0161
1500032915,0,0.0164
1500032915A,0,0.0161
1500032915AA,0,0.0161
1500032950,0,0.0161
1500032950A,0,0.0161
1500032950B,0,0.0161
1500553132A,0,0.0161
1500553160PB1,0,0.0161
1500553162,0,0.0161
1500553163,0,0.0161
1500553163A,0,0.0161
1500553163P1,0,0.0161
15006297E1,0,0.0161
1500635FDLT35P,0,0.0537
1500635FDLT3SP,0,0.0537
15008241KPSP20,0,0.0161
15008242PS20,0,0.0161
15008243KPSP20,0,0.0161
1501361071120JP,0,0.0161
1501361071220JP,0,0.0161
15022770621SP,0,0.0537
15022771021SP,0,0.0161
15022771821FP,0,0.0537
1504213P3,0,0.0537
1504498SDSP,0,0.0834
1504548RP,0,0.0161
1504548SP1,0,0.0161
1504548SP2,0,0.0161
1505059PET1SP,0,0.0537
1505059SMITHSP,0,0.0161
1505059TOMYEFP,0,0.0537
1505124D15,0,0.0537
1505124D15A,0,0.0537
150553216F,0,0.0161
150559121SK15FA,0,0.0537
150559122GN04GA,0,0.0537
150559122GN08GA,0,0.0537
150559122GN15GA,0,0.0537
1500635BPECKWP,1,0.1286
1500015DRYER1FP,0,0.0537
1500015HILL1FP,0,0.0537
1500027SUNSET,0,0.0161
15000321200,0,0.0161
15000321200A,0,0.0161
15000321401,0,0.0161
1500032950,0,0.0161
1500032950A,0,0.0161
1500032950B,0,0.0161
150062910A,0,0.0161
150062915D,0,0.0161
15006291A,0,0.0161
15006294B,0,0.0161
15006299B,0,0.0161
1500635FDLT35P,0,0.0162
1500635FDLT3SP,0,0.0162
1500635GRIMCP,0,0.0161
1500635MTWP,0,0.0161
1500635WN80P,0,0.0161
15022770621SP,0,0.0537
15022771821FP,0,0.0537
1504213P3,0,0.0537
1504548RP,0,0.0161
1505059PET1SP,0,0.0537
1505059TOMYEFP,0,0.0537
1505124D15,0,0.0537
1505124D15A,0,0.0537
150559121SK15FA,0,0.0537
150559122GN04GA,0,0.0537
150559122GN08GA,0,0.0537
150559122GN15GA,0,0.0537
1500635BV114P,1,0.2399
1500015DRYER1FP,0,0.0537
1500015HILL1FP,0,0.0537
1500027K2F,0,0.0161
1500027S111,0,0.0161
1500027SUNSET,0,0.0161
15000321200,0,0.0161
15000321200A,0,0.0161
15000321401,0,0.0161
1500032950,0,0.0161
1500032950A,0,0.0161
1500032950B,0,0.0161
1500553132A,0,0.0161
1500553162,0,0.0161
1500553163,0,0.0161
1500553163A,0,0.0161
1500553163P1,0,0.0161
150062910A,0,0.0161
150062915A,0,0.0161
150062915B,0,0.0162
150062915D,0,0.0161
15006294B,0,0.0161
15006295B,0,0.0161
15006296C,0,0.0161
15006296D,0,0.0161
15006299B,0,0.0161
1500635FDLT35P,0,0.0537
1500635FDLT3SP,0,0.0537
15008241KPSP20,0,0.0161
15008243KPSP20,0,0.0161
15022770621SP,0,0.0537
15022771021SP,0,0.0161
15022771821FP,0,0.0537
1504213P3,0,0.0537
1504548RP,0,0.0161
1504548SP1,0,0.0161
1505059PET1SP,0,0.0537
1505059TOMYEFP,0,0.0537
1505124D15,0,0.0537
1505124D15A,0,0.0537
150559121SK15FA,0,0.0537
150559122GN04GA,0,0.0537
150559122GN08GA,0,0.0537
150559122GN15GA,0,0.0537
1500635BV142P,1,0.0537
1500015DRYER1FP,0,0.0537
1500015HILL1FP,0,0.0537
1500027K2F,0,0.0161
1500027S111,0,0.0161
1500027SUNSET,0,0.0161
15000321200,0,0.0161
15000321200A,0,0.0161
15000321401,0,0.0161
1500032950,0,0.0161
1500032950A,0,0.0161
1500032950B,0,0.0161
1500553132A,0,0.0161
1500553162,0,0.0161
1500553163,0,0.0161
1500553163A,0,0.0161
1500553163P1,0,0.0161
150062910A,0,0.0161
150062915A,0,0.0161
150062915B,0,0.0162
150062915D,0,0.0161
15006294B,0,0.0161
15006295B,0,0.0161
15006296C,0,0.0161
15006296D,0,0.0161
15006299B,0,0.0161
1500635FDLT35P,0,0.0537
1500635FDLT3SP,0,0.0537
15008241KPSP20,0,0.0161
15008243KPSP20,0,0.0161
15022770621SP,0,0.0537
15022771021SP,0,0.0161
15022771821FP,0,0.0537
1504213P3,0,0.0537
1504548RP,0,0.0161
1504548SP1,0,0.0161
1505059PET1SP,0,0.0537
1505059TOMYEFP,0,0.0537
1505124D15,0,0.0537
1505124D15A,0,0.0537
150559121SK15FA,0,0.0537
150559122GN04GA,0,0.0537
150559122GN08GA,0,0.0537
150559122GN15GA,0,0.0537
1500635BV144P,1,0.2414
1500015DRYER1FP,0,0.0537
1500015HILL1FP,0,0.0537
1500027K2F,0,0.0161
1500027S111,0,0.0164
1500027SUNSET,0,0.0161
15000321200,0,0.0161
15000321200A,0,0.0161
15000321401,0,0.0161
1500032915,0,0.0161
1500032915A,0,0.0161
1500032915AA,0,0.0161
1500032950,0,0.0161
1500032950A,0,0.0161
1500032950B,0,0.0161
1500553132A,0,0.0161
1500553160PB1,0,0.0161
1500553162,0,0.0161
1500553163,0,0.0161
1500553163A,0,0.0161
1500553163P1,0,0.0161
15006297E1,0,0.0161
1500635FDLT35P,0,0.0537
1500635FDLT3SP,0,0.0537
15008241KPSP20,0,0.0161
15008242PS20,0,0.0161
15008243KPSP20,0,0.0161
1501361071120JP,0,0.0161
1501361071220JP,0,0.0161
15022770621SP,0,0.0537
15022771021SP,0,0.0161
15022771821FP,0,0.0537
1504213P3,0,0.0537
1504498SDSP,0,0.0899
1504548RP,0,0.0161
1504548SP1,0,0.0161
1504548SP2,0,0.0161
1505059AGRO5NP,0,0.0161
1505059AGRO5SP,0,0.0161
1505059PET1SP,0,0.0537
1505059SMITHSP,0,0.0161
1505059TOMYEFP,0,0.0537
1505124D15,0,0.0537
1505124D15A,0,0.0537
150553216F,0,0.0161
150559121SK15FA,0,0.0537
150559122GN04GA,0,0.0537
150559122GN08GA,0,0.0537
150559122GN15GA,0,0.0537
1500635DUDANP,1,0.2069
1500015DRYER1FP,0,0.0537
1500015HILL1FP,0,0.0537
1500027SUNSET,0,0.0163
15000321200,0,0.0163
15000321200A,0,0.0163
15000321401,0,0.0463
1500032950,0,0.0161
1500032950A,0,0.0161
1500032950B,0,0.0161
150062910A,0,0.0161
150062915D,0,0.0161
15006291A,0,0.0161
15006299B,0,0.0161
1500635FDLT35P,0,0.0162
1500635FDLT3SP,0,0.0162
1500635GRIMCP,0,0.0161
1500635MTWP,0,0.0161
1500635WN80P,0,0.0161
15022770621SP,0,0.0537
15022771821FP,0,0.0537
1504213P3,0,0.0537
1505059PET1SP,0,0.0537
1505059TOMYEFP,0,0.0537
1505124D15,0,0.0537
1505124D15A,0,0.0537
1505124EYRAUD10,0,0.0452
150559121SK15FA,0,0.0537
150559122GN04GA,0,0.0537
150559122GN08GA,0,0.0537
150559122GN15GA,0,0.0537
1500635DUDASP,1,0.2422
1500015DRYER1FP,0,0.0537
1500015HILL1FP,0,0.0537
1500027K2F,0,0.0161
1500027S111,0,0.0162
1500027SUNSET,0,0.0161
15000321200,0,0.0161
15000321200A,0,0.0161
15000321401,0,0.0161
1500032805,0,0.0215
1500032915,0,0.0161
1500032915A,0,0.0161
1500032915AA,0,0.0161
1500032950,0,0.0161
1500032950A,0,0.0161
1500032950B,0,0.0161
1500553132A,0,0.0161
1500553160PB1,0,0.0161
1500553162,0,0.0161
1500553163,0,0.0161
1500553163A,0,0.0161
1500553163P1,0,0.0161
15006297E1,0,0.0161
1500635FDLT35P,0,0.0537
1500635FDLT3SP,0,0.0537
1500635GRIMCP,0,0.0161
15008241KPSP20,0,0.0161
15008242PS20,0,0.0161
15008243KPSP20,0,0.0161
1501361071120JP,0,0.0161
1501361071220JP,0,0.0161
15022770621SP,0,0.0537
15022771021SP,0,0.0161
15022771821FP,0,0.0537
1504213P3,0,0.0537
1504498SDSP,0,0.0488
1504548RP,0,0.0161
1504548SP1,0,0.0161
1504548SP2,0,0.0161
1505059AGRO5NP,0,0.0161
1505059AGRO5SP,0,0.0161
1505059PET1SP,0,0.0537
1505059SMITHSP,0,0.0887
1505059TOMYEFP,0,0.0537
1505124D15,0,0.0537
1505124D15A,0,0.0537
150553216F,0,0.0161
150559121SK15FA,0,0.0537
150559122GN04GA,0,0.0537
150559122GN08GA,0,0.0537
150559122GN15GA,0,0.0537
1500635NCANALP,1,0.1309
1500015DRYER1FP,0,0.0537
1500015HILL1FP,0,0.0537
1500027K2F,0,0.0161
1500027S111,0,0.0163
1500027SUNSET,0,0.0161
15000321200,0,0.0161
15000321200A,0,0.0161
15000321401,0,0.0161
1500032915,0,0.0164
1500032915A,0,0.0161
1500032915AA,0,0.0161
1500032950,0,0.0161
1500032950A,0,0.0161
1500032950B,0,0.0161
1500553132A,0,0.0161
1500553160PB1,0,0.0161
1500553162,0,0.0161
1500553163,0,0.0161
1500553163A,0,0.0161
1500553163P1,0,0.0161
15006297E1,0,0.0161
1500635FDLT35P,0,0.0537
1500635FDLT3SP,0,0.0537
15008241KPSP20,0,0.0161
15008242PS20,0,0.0161
15008243KPSP20,0,0.0161
1501361071120JP,0,0.0161
1501361071220JP,0,0.0161
15022770621SP,0,0.0537
15022771021SP,0,0.0161
15022771821FP,0,0.0537
1504213P3,0,0.0537
1504498SDSP,0,0.0834
1504548RP,0,0.0161
1504548SP1,0,0.0161
1504548SP2,0,0.0161
1505059PET1SP,0,0.0537
1505059SMITHSP,0,0.0161
1505059TOMYEFP,0,0.0537
1505124D15,0,0.0537
1505124D15A,0,0.0537
150553216F,0,0.0161
150559121SK15FA,0,0.0537
150559122GN04GA,0,0.0537
150559122GN08GA,0,0.0537
150559122GN15GA,0,0.0537
1500635PECK2P,1,0.0537
1500015DRYER1FP,0,0.0537
1500015HILL1FP,0,0.0537
1500027K2F,0,0.0161
1500027S111,0,0.0161
1500027SUNSET,0,0.0161
1500032805,0,0.0161
1500032915,0,0.0161
1500032915A,0,0.0161
1500032915AA,0,0.0161
1500032950,0,0.0161
1500032950A,0,0.0161
1500032950B,0,0.0161
1500553132A,0,0.0161
1500553163A,0,0.0161
15006297E1,0,0.0161
1500635FDLT35P,0,0.0537
1500635FDLT3SP,0,0.0537
1500635GRIMCP,0,0.0161
15008241KPSP20,0,0.0161
15008242PS20,0,0.0161
15008243KPSP20,0,0.0161
1501361071120JP,0,0.0161
1501361071220JP,0,0.0161
15022770621SP,0,0.0537
15022771021SP,0,0.0161
15022771821FP,0,0.0537
1504213P3,0,0.0537
1504498ORAN80P,0,0.0161
1504548RP,0,0.0161
1504548SP1,0,0.0161
1504548SP2,0,0.0161
1505059AGRO5NP,0,0.0161
1505059AGRO5SP,0,0.0161
1505059BOCKSP,0,0.0161
1505059PET1SP,0,0.0537
1505059SMITHSP,0,0.0161
1505059TOMYEFP,0,0.0537
1505124D15,0,0.0537
1505124D15A,0,0.0537
150553216F,0,0.0161
150553229E,0,0.0161
1505532NMA,0,0.0161
1505532NMBE,0,0.0161
1505532NMBW,0,0.0161
1505532SMH,0,0.0161
150559121SK15FA,0,0.0537
150559122GN04GA,0,0.0537
150559122GN08GA,0,0.0537
150559122GN15GA,0,0.0537
1500635SAND1P,1,0.1222
1500015DRYER1FP,0,0.0537
1500015HILL1FP,0,0.0537
1500027K2F,0,0.0161
1500027SUNSET,0,0.0161
15000321200,0,0.0161
15000321200A,0,0.0161
15000321401,0,0.0161
1500032950,0,0.0161
1500032950A,0,0.0161
1500032950B,0,0.0161
1500553132A,0,0.0161
1500553163,0,0.0161
1500553163P1,0,0.0161
150062910A,0,0.0161
150062915B,0,0.0161
150062915D,0,0.0161
15006294B,0,0.0161
15006295B,0,0.0161
15006296C,0,0.0162
15006296D,0,0.0161
15006299B,0,0.0161
1500635FDLT35P,0,0.0161
1500635FDLT3SP,0,0.0161
1500635HAMWWP,0,0.0898
1500635MTWP,0,0.0161
15022770621SP,0,0.0537
15022771021SP,0,0.0162
15022771821FP,0,0.0537
1504213P3,0,0.0537
1504548RP,0,0.0161
1504548SP1,0,0.0161
1505059PET1SP,0,0.0537
1505059TOMYEFP,0,0.0537
1505124D15,0,0.0537
1505124D15A,0,0.0537
150559121SK15FA,0,0.0537
150559122GN04GA,0,0.0537
150559122GN08GA,0,0.0537
150559122GN15GA,0,0.0537
1500635SAND3P,1,0.0537
1500015DRYER1FP,0,0.0537
1500015HILL1FP,0,0.0537
1500027K2F,0,0.0161
1500027SUNSET,0,0.0161
15000321200,0,0.0161
15000321200A,0,0.0161
15000321401,0,0.0161
1500032950,0,0.0161
1500032950A,0,0.0161
1500032950B,0,0.0161
1500553132A,0,0.0161
1500553163,0,0.0161
1500553163P1,0,0.0161
150062910A,0,0.0161
150062915B,0,0.0161
150062915D,0,0.0161
15006294B,0,0.0161
15006295B,0,0.0161
15006296C,0,0.0162
15006296D,0,0.0161
15006299B,0,0.0161
1500635FDLT35P,0,0.0161
1500635FDLT3SP,0,0.0161
1500635HAMWWP,0,0.0898
1500635MTWP,0,0.0161
15022770621SP,0,0.0537
15022771021SP,0,0.0162
15022771821FP,0,0.0537
1504213P3,0,0.0537
1504548RP,0,0.0161
1504548SP1,0,0.0161
1505059PET1SP,0,0.0537
1505059TOMYEFP,0,0.0537
1505124D15,0,0.0537
1505124D15A,0,0.0537
150559121SK15FA,0,0.0537
150559122GN04GA,0,0.0537
150559122GN08GA,0,0.0537
150559122GN15GA,0,0.0537
1500635SAND4P,1,0.1686
1500015DRYER1FP,0,0.0537
1500015HILL1FP,0,0.0537
1500027K2F,0,0.0161
1500027SUNSET,0,0.0161
15000321200,0,0.0161
15000321200A,0,0.0161
15000321401,0,0.0161
1500032950,0,0.0161
1500032950A,0,0.0161
1500032950B,0,0.0161
1500553132A,0,0.0161
1500553163P1,0,0.0858
1500553164PA,0,0.0161
1500553171,0,0.0161
150062910A,0,0.0161
150062915D,0,0.0161
15006294B,0,0.0161
15006295B,0,0.0161
15006296C,0,0.0461
15006296D,0,0.0161
15006299B,0,0.0161
1500635FDLT35P,0,0.0161
1500635FDLT3SP,0,0.0161
1500635MTWP,0,0.0161
15022770621SP,0,0.0537
15022771821FP,0,0.0537
1504213P3,0,0.0537
1504311208WPO,0,0.0161
1504548RP,0,0.0161
1505059PET1SP,0,0.0537
1505059TOMYEFP,0,0.0537
1505124D15,0,0.0537
1505124D15A,0,0.0537
150559121SK15FA,0,0.0537
150559122GN04GA,0,0.0537
150559122GN08GA,0,0.0537
150559122GN15GA,0,0.0537
1500915123E,1,0.1624
1500015DRYER1FP,0,0.0537
1500015HILL1FP,0,0.0537
1500027K2F,0,0.0161
1500027SUNSET,0,0.0161
1500032805,0,0.0161
1500032915,0,0.0161
1500032915A,0,0.0161
1500032915AA,0,0.0161
1500032950,0,0.0161
1500032950A,0,0.0161
1500032950B,0,0.0161
1500553132A,0,0.0161
1500553163A,0,0.0161
15006297E1,0,0.0161
1500635FDLT35P,0,0.0537
1500635FDLT3SP,0,0.0537
1500635GRIMCP,0,0.0161
15008241KPSP20,0,0.0161
15008242PS20,0,0.0161
15008243KPSP20,0,0.0161
1501361071120JP,0,0.0161
1501361071220JP,0,0.0161
15022770621SP,0,0.0537
15022771021SP,0,0.0161
15022771821FP,0,0.0537
1504213P3,0,0.0537
1504498ORAN80P,0,0.0163
1504548RP,0,0.0161
1505059AGRO5NP,0,0.0161
1505059AGRO5SP,0,0.0161
1505059BOCKSP,0,0.0161
1505059KIMSP,0,0.0161
1505059PET1SP,0,0.0537
1505059SMITHSP,0,0.0161
1505059TOMYEFP,0,0.0537
1505124D15,0,0.0537
1505124D15A,0,0.0537
150553216F,0,0.0161
150559121SK15FA,0,0.0537
150559122GN04GA,0,0.0537
150559122GN08GA,0,0.0537
150559122GN15GA,0,0.0537
1500915124E,1,0.1966
1500015DRYER1FP,0,0.0537
1500015HILL1FP,0,0.0537
1500027K2F,0,0.0161
1500027SUNSET,0,0.0161
1500032805,0,0.0161
1500032915,0,0.0161
1500032915A,0,0.0161
1500032915AA,0,0.0161
1500032950,0,0.0161
1500032950A,0,0.0161
1500032950B,0,0.0161
1500553132A,0,0.0161
1500553163A,0,0.0161
15006297E1,0,0.0161
1500635FDLT35P,0,0.0537
1500635FDLT3SP,0,0.0537
1500635GRIMCP,0,0.0161
15008241KPSP20,0,0.0161
15008242PS20,0,0.0161
15008243KPSP20,0,0.0161
1501361071120JP,0,0.0161
1501361071220JP,0,0.0161
15022770621SP,0,0.0537
15022771021SP,0,0.0161
15022771821FP,0,0.0537
1504213P3,0,0.0537
1504498ORAN80P,0,0.0163
1504548RP,0,0.0161
1505059AGRO5NP,0,0.0161
1505059AGRO5SP,0,0.0161
1505059BOCKSP,0,0.0161
1505059KIMSP,0,0.0161
1505059PET1SP,0,0.0537
1505059SMITHSP,0,0.0161
1505059TOMYEFP,0,0.0537
1505124D15,0,0.0537
1505124D15A,0,0.0537
150553216F,0,0.0161
150559121SK15FA,0,0.0537
150559122GN04GA,0,0.0537
150559122GN08GA,0,0.0537
150559122GN15GA,0,0.0537
15022770320SC,1,0.1684
1500015DRYER1FP,0,0.0537
1500015HILL1FP,0,0.0537
1500027K2F,0,0.0161
1500027SUNSET,0,0.0161
15000321200,0,0.0161
15000321200A,0,0.0161
15000321401,0,0.0161
1500032950,0,0.0161
1500032950A,0,0.0161
1500032950B,0,0.0161
1500553132A,0,0.0161
1500553164PA,0,0.0161
1500553171,0,0.0161
150062910A,0,0.0161
150062915D,0,0.0161
15006294B,0,0.0161
15006295B,0,0.0161
15006296D,0,0.0161
15006299B,0,0.0161
1500635FDLT35P,0,0.0161
1500635FDLT3SP,0,0.0161
1500635MTWP,0,0.0161
15022770621SP,0,0.0537
15022771821FP,0,0.0537
1504213P3,0,0.0537
1504548RP,0,0.0202
1505059PET1SP,0,0.0537
1505059TOMYEFP,0,0.0537
1505124D15,0,0.0537
1505124D15A,0,0.0537
150559121SK15FA,0,0.0537
150559122GN04GA,0,0.0537
150559122GN08GA,0,0.0537
150559122GN15GA,0,0.0537
15022770920SP,1,0.1203
1500015DRYER1FP,0,0.0537
1500015HILL1FP,0,0.0537
1500027K2F,0,0.0161
1500027SUNSET,0,0.0161
15000321200,0,0.0161
15000321200A,0,0.0161
15000321401,0,0.0161
1500032950,0,0.0161
1500032950A,0,0.0161
1500032950B,0,0.0161
1500553132A,0,0.0161
1500553171,0,0.0183
150062910A,0,0.0161
150062915D,0,0.0161
15006294B,0,0.0161
15006295B,0,0.0161
15006299B,0,0.0161
1500635FDLT35P,0,0.0161
1500635FDLT3SP,0,0.0161
1500635MTWP,0,0.0161
1500635WN80P,0,0.0161
15022770621SP,0,0.0537
15022771821FP,0,0.0537
1504213P3,0,0.0537
1504548RP,0,0.0161
1505059PET1SP,0,0.0537
1505059TOMYEFP,0,0.0537
1505124D15,0,0.0537
1505124D15A,0,0.0537
150559121SK15FA,0,0.0537
150559122GN04GA,0,0.0537
150559122GN08GA,0,0.0537
150559122GN15GA,0,0.0537
1504213P3P,1,0.1203
1500015DRYER1FP,0,0.0161
1500015DRYERFP,0,0.0161
1500015HILL1FP,0,0.0161
15008241PF20,0,0.0161
15022770421FP,0,0.0161
15022771820FP,0,0.0536
1504213P3,0,0.0161
1505059PET1SP,0,0.0161
1505059TOMYEFP,0,0.0161
150559122GN04GA,0,0.0161
150559122GN08GA,0,0.0161
150559122GN15GA,0,0.0161
150449844AC,1,0.1761
1500015DRYER1FP,0,0.0537
1500015HILL1FP,0,0.0537
1500027K2F,0,0.0161
1500027SUNSET,0,0.0161
1500032805,0,0.0161
1500032915,0,0.0161
1500032915A,0,0.0161
1500032915AA,0,0.0161
1500553132A,0,0.0161
1500553163A,0,0.0161
15006297E1,0,0.0161
1500635FDLT35P,0,0.0537
1500635FDLT3SP,0,0.0537
1500635GRIMCP,0,0.0161
15008241KPSP20,0,0.0161
15008242PS20,0,0.0161
15008243KPSP20,0,0.0161
15022770621SP,0,0.0537
15022771021SP,0,0.0161
15022771821FP,0,0.0537
1504213P3,0,0.0537
1504498ORAN80P,0,0.0184
1505059AGRO5NP,0,0.0161
1505059AGRO5SP,0,0.0161
1505059BOCKSP,0,0.0161
1505059KIMSP,0,0.0161
1505059PET1SP,0,0.0537
1505059SMITHSP,0,0.0161
1505059TOMYEFP,0,0.0537
1505124D15,0,0.0537
1505124D15A,0,0.0537
150553216F,0,0.0161
150559121SK15FA,0,0.0537
150559122GN04GA,0,0.0537
150559122GN08GA,0,0.0537
150559122GN15GA,0,0.0537
15045481P,1,0.0537
1500015DRYER1FP,0,0.0161
1500015DRYERFP,0,0.0161
1500015HILL1FP,0,0.0161
15008241PF20,0,0.0161
15022770421FP,0,0.0161
15022771820FP,0,0.0161
1505059PET1SP,0,0.0161
1505059TOMYEFP,0,0.0161
150559122GN04GA,0,0.0165
150559122GN08GA,0,0.0161
150559122GN15GA,0,0.0161
1504548PM1,1,0.1694
1500015DRYER1FP,0,0.0161
1500015DRYERFP,0,0.0161
1500015HILL1FP,0,0.0161
15008241PF20,0,0.0161
15022770421FP,0,0.0161
15022771820FP,0,0.0161
1505059PET1SP,0,0.0161
1505059TOMYEFP,0,0.0161
150559122GN04GA,0,0.0165
150559122GN08GA,0,0.0161
150559122GN15GA,0,0.0161
1505059AGRO1SP,1,0.2280
1500015DRYER1FP,0,0.0537
1500015HILL1FP,0,0.0537
1500027K2F,0,0.0161
1500027SUNSET,0,0.0161
1500032915,0,0.0161
1500032915A,0,0.0161
1500032915AA,0,0.0161
1500553132A,0,0.0161
1500553163A,0,0.0161
15006297E1,0,0.0161
1500635FDLT35P,0,0.0537
1500635FDLT3SP,0,0.0537
15008241KPSP20,0,0.0161
15008242PS20,0,0.0161
15008243KPSP20,0,0.0161
15022770621SP,0,0.0537
15022771021SP,0,0.0161
15022771821FP,0,0.0537
1504213P3,0,0.0537
1504498ORAN80P,0,0.0161
1505059AGRO5NP,0,0.0161
1505059AGRO5SP,0,0.0161
1505059BOCKSP,0,0.0161
1505059KIMSP,0,0.0161
1505059PET1SP,0,0.0537
1505059SMITHSP,0,0.0161
1505059TOMYEFP,0,0.0537
1505124D15,0,0.0537
1505124D15A,0,0.0537
150553216F,0,0.0161
150559121SK15FA,0,0.0537
150559122GN04GA,0,0.0537
150559122GN08GA,0,0.0537
150559122GN15GA,0,0.0537
1505059AGRO3SP,1,0.1732
1500015DRYER1FP,0,0.0537
1500015HILL1FP,0,0.0537
1500027K2F,0,0.0161
1500027SUNSET,0,0.0161
1500032915,0,0.0161
1500032915A,0,0.0161
1500032915AA,0,0.0161
1500553132A,0,0.0161
1500553163A,0,0.0161
15006297E1,0,0.0161
1500635FDLT35P,0,0.0537
1500635FDLT3SP,0,0.0537
15008241KPSP20,0,0.0161
15008242PS20,0,0.0161
15008243KPSP20,0,0.0161
15022770621SP,0,0.0537
15022771021SP,0,0.0161
15022771821FP,0,0.0537
1504213P3,0,0.0537
1504498ORAN80P,0,0.0161
1505059AGRO5NP,0,0.0161
1505059AGRO5SP,0,0.0161
1505059BOCKSP,0,0.0161
1505059KIMSP,0,0.0161
1505059PET1SP,0,0.0537
1505059SMITHSP,0,0.0161
1505059TOMYEFP,0,0.0537
1505124D15,0,0.0537
1505124D15A,0,0.0537
150553216F,0,0.0161
150559121SK15FA,0,0.0537
150559122GN04GA,0,0.0537
150559122GN08GA,0,0.0537
150559122GN15GA,0,0.0537
1505059AGRO4SP,1,0.2152
1500015DRYER1FP,0,0.0537
1500015HILL1FP,0,0.0537
1500027K2F,0,0.0161
1500027S111,0,0.0161
1500027SUNSET,0,0.0161
1500032805,0,0.0161
1500032915,0,0.0161
1500032915A,0,0.0161
1500032915AA,0,0.0161
1500032950,0,0.0161
1500032950A,0,0.0161
1500032950B,0,0.0161
1500553132A,0,0.0161
1500553163A,0,0.0161
15006297E1,0,0.0161
1500635FDLT35P,0,0.0537
1500635FDLT3SP,0,0.0537
1500635GRIMCP,0,0.0161
15008241KPSP20,0,0.0161
15008242PS20,0,0.0161
15008243KPSP20,0,0.0161
1501361071120JP,0,0.0161
1501361071220JP,0,0.0161
15022770621SP,0,0.0537
15022771021SP,0,0.0161
15022771821FP,0,0.0537
1504213P3,0,0.0537
1504548RP,0,0.0161
1504548SP1,0,0.0161
1504548SP2,0,0.0161
1505059AGRO5NP,0,0.0161
1505059AGRO5SP,0,0.0161
1505059BOCKSP,0,0.0161
1505059PET1SP,0,0.0537
1505059SMITHSP,0,0.0161
1505059TOMYEFP,0,0.0537
1505124D15,0,0.0537
1505124D15A,0,0.0537
150553216F,0,0.0161
150553229E,0,0.0161
1505532NMA,0,0.0161
1505532NMBE,0,0.0161
1505532NMBW,0,0.0161
1505532SMH,0,0.0161
150559121SK15FA,0,0.0537
150559122GN04GA,0,0.0537
150559122GN08GA,0,0.0537
150559122GN15GA,0,0.0537
1505059BRIMSP,1,0.2397
1500015DRYER1FP,0,0.0537
1500015HILL1FP,0,0.0537
1500027K2F,0,0.0161
1500027S111,0,0.0161
1500027SUNSET,0,0.0161
1500032805,0,0.0161
1500032915,0,0.0161
1500032915A,0,0.0161
1500032915AA,0,0.0161
1500032950,0,0.0161
1500032950A,0,0.0161
1500032950B,0,0.0161
1500553132A,0,0.0161
1500553163A,0,0.0161
15006297E1,0,0.0161
1500635FDLT35P,0,0.0537
1500635FDLT3SP,0,0.0537
1500635GRIMCP,0,0.0161
15008241KPSP20,0,0.0161
15008242PS20,0,0.0161
15008243KPSP20,0,0.0161
1501361071120JP,0,0.0161
1501361071220JP,0,0.0161
15022770621SP,0,0.0537
15022771021SP,0,0.0161
15022771821FP,0,0.0537
1504213P3,0,0.0537
1504498ORAN80P,0,0.0161
1504548RP,0,0.0161
1504548SP1,0,0.0161
1504548SP2,0,0.0161
1505059AGRO5NP,0,0.0161
1505059AGRO5SP,0,0.0161
1505059BOCKSP,0,0.0161
1505059PET1SP,0,0.0537
1505059SMITHSP,0,0.0161
1505059TOMYEFP,0,0.0537
1505124D15,0,0.0537
1505124D15A,0,0.0537
150553216F,0,0.0161
150553229E,0,0.0161
1505532NMA,0,0.0161
1505532NMBE,0,0.0161
1505532NMBW,0,0.0161
1505532SMH,0,0.0161
150559121SK15FA,0,0.0537
150559122GN04GA,0,0.0537
150559122GN08GA,0,0.0537
150559122GN15GA,0,0.0537
1505059CATANSSP,1,0.0537
1500015DRYER1FP,0,0.0537
1500015HILL1FP,0,0.0537
1500027K2F,0,0.0161
1500027S111,0,0.0161
1500027SUNSET,0,0.0161
15000321200,0,0.0161
15000321200A,0,0.0161
15000321401,0,0.0161
1500032950,0,0.0161
1500032950A,0,0.0161
1500032950B,0,0.0161
1500553132A,0,0.0161
1500553162,0,0.0161
1500553163,0,0.0161
1500553163A,0,0.0161
1500553163P1,0,0.0161
150062910A,0,0.0161
150062915A,0,0.0161
150062915B,0,0.0162
150062915D,0,0.0161
15006294B,0,0.0161
15006295B,0,0.0161
15006296C,0,0.0161
15006296D,0,0.0161
15006299B,0,0.0161
1500635FDLT35P,0,0.0537
1500635FDLT3SP,0,0.0537
15008241KPSP20,0,0.0161
15008243KPSP20,0,0.0161
15022770621SP,0,0.0537
15022771021SP,0,0.0161
15022771821FP,0,0.0537
1504213P3,0,0.0537
1504548RP,0,0.0161
1504548SP1,0,0.0161
1505059PET1SP,0,0.0537
1505059TOMYEFP,0,0.0537
1505124D15,0,0.0537
1505124D15A,0,0.0537
150559121SK15FA,0,0.0537
150559122GN04GA,0,0.0537
150559122GN08GA,0,0.0537
150559122GN15GA,0,0.0537
1505059CATNFP,1,0.2121
1500015DRYER1FP,0,0.0161
1500015HILL1FP,0,0.0161
15008241PF20,0,0.0161
15022770621SP,0,0.0537
15022771821FP,0,0.0161
1504213P3,0,0.0161
1505059CATTANI,0,0.0901
1505059ENGLE,0,0.0161
1505059FUGIT2FP,0,0.0161
1505059PET1SP,0,0.0161
1505059RUDDFP,0,0.0161
1505059TOMYEFP,0,0.0161
1505124RICO16A,0,0.0161
150559121SK15FA,0,0.0161
150559122GN04GA,0,0.0161
150559122GN08GA,0,0.0161
150559122GN15GA,0,0.0161
1505059CHARLSP,1,0.2123
1500015DRYER1FP,0,0.0537
1500015HILL1FP,0,0.0537
1500027K2F,0,0.0161
1500027S111,0,0.0161
1500027SUNSET,0,0.0161
1500032805,0,0.0161
1500032915,0,0.0161
1500032915A,0,0.0161
1500032915AA,0,0.0161
1500032950,0,0.0161
1500032950A,0,0.0161
1500032950B,0,0.0161
1500553132A,0,0.0161
1500553160PB1,0,0.0161
1500553162,0,0.0161
1500553163,0,0.0161
1500553163A,0,0.0161
1500553163P1,0,0.0161
15006297E1,0,0.0161
1500635FDLT35P,0,0.0537
1500635FDLT3SP,0,0.0537
1500635GRIMCP,0,0.0161
15008241KPSP20,0,0.0161
15008242PS20,0,0.0161
15008243KPSP20,0,0.0161
1501361071120JP,0,0.0161
1501361071220JP,0,0.0161
15022770621SP,0,0.0537
15022771021SP,0,0.0161
15022771821FP,0,0.0537
1504213P3,0,0.0537
1504548RP,0,0.0161
1504548SP1,0,0.0161
1504548SP2,0,0.0161
1505059AGRO5NP,0,0.0161
1505059AGRO5SP,0,0.0161
1505059BOCKSP,0,0.0161
1505059PET1SP,0,0.0537
1505059SMITHSP,0,0.0161
1505059TOMYEFP,0,0.0537
1505124D15,0,0.0537
1505124D15A,0,0.0537
150553216F,0,0.0161
1505532NMA,0,0.0161
1505532NMBE,0,0.0161
1505532NMBW,0,0.0210
1505532SMH,0,0.0161
150559121SK15FA,0,0.0537
150559122GN04GA,0,0.0537
150559122GN08GA,0,0.0537
150559122GN15GA,0,0.0537
1505059COULTSP,1,0.2395
1500015DRYER1FP,0,0.0537
1500015HILL1FP,0,0.0537
1500027K2F,0,0.0161
1500027S111,0,0.0161
1500027SUNSET,0,0.0161
15000321200,0,0.0161
15000321200A,0,0.0161
15000321401,0,0.0161
1500032915,0,0.0180
1500032915A,0,0.0161
1500032915AA,0,0.0161
1500032950,0,0.0161
1500032950A,0,0.0161
1500032950B,0,0.0161
1500553132A,0,0.0161
1500553160PB1,0,0.0161
1500553162,0,0.0161
1500553163,0,0.0161
1500553163A,0,0.0161
1500553163P1,0,0.0161
150062910A,0,0.0161
150062915A,0,0.0161
150062915B,0,0.0161
150062915D,0,0.0161
15006294B,0,0.0161
15006295B,0,0.0161
15006296C,0,0.0161
15006296D,0,0.0161
15006299B,0,0.0161
1500635FDLT35P,0,0.0537
1500635FDLT3SP,0,0.0537
15008241KPSP20,0,0.0161
15008242PS20,0,0.0463
15008243KPSP20,0,0.0161
15022770621SP,0,0.0537
15022771021SP,0,0.0161
15022771821FP,0,0.0537
1504213P3,0,0.0537
1504548RP,0,0.0161
1504548SP1,0,0.0161
1504548SP2,0,0.0161
1505059PET1SP,0,0.0537
1505059TOMYEFP,0,0.0537
1505124D15,0,0.0537
1505124D15A,0,0.0537
150559121SK15FA,0,0.0537
150559122GN04GA,0,0.0537
150559122GN08GA,0,0.0537
150559122GN15GA,0,0.0537
1505059F50SP,1,0.2416
1500015DRYER1FP,0,0.0537
1500015HILL1FP,0,0.0537
1500027K2F,0,0.0161
1500027S111,0,0.0161
1500027SUNSET,0,0.0161
15000321200,0,0.0161
15000321200A,0,0.0161
15000321401,0,0.0161
1500032915,0,0.0173
1500032915A,0,0.0161
1500032915AA,0,0.0161
1500032950,0,0.0161
1500032950A,0,0.0161
1500032950B,0,0.0161
1500553132A,0,0.0161
1500553160PB1,0,0.0161
1500553162,0,0.0161
1500553163,0,0.0161
1500553163A,0,0.0161
1500553163P1,0,0.0161
15006297E1,0,0.0161
1500635FDLT35P,0,0.0537
1500635FDLT3SP,0,0.0537
15008241KPSP20,0,0.0161
15008242PS20,0,0.0162
15008243KPSP20,0,0.0161
1501361071120JP,0,0.0161
1501361071220JP,0,0.0161
15022770621SP,0,0.0537
15022771021SP,0,0.0161
15022771821FP,0,0.0537
1504213P3,0,0.0537
1504548RP,0,0.0161
1504548SP1,0,0.0161
1504548SP2,0,0.0181
1505059PET1SP,0,0.0537
1505059SMITHSP,0,0.0161
1505059TOMYEFP,0,0.0537
1505124D15,0,0.0537
1505124D15A,0,0.0537
150553216F,0,0.0161
150559121SK15FA,0,0.0537
150559122GN04GA,0,0.0537
150559122GN08GA,0,0.0537
150559122GN15GA,0,0.0537
1505059FOPPFP,1,0.1269
1500015DRYER1FP,0,0.0161
1500015HILL1FP,0,0.0161
15008241PF20,0,0.0161
15022770621SP,0,0.0537
15022771821FP,0,0.0161
1504213P3,0,0.0161
1505059CATTANI,0,0.0901
1505059ENGLE,0,0.0161
1505059FUGIT2FP,0,0.0161
1505059PET1SP,0,0.0161
1505059RUDDFP,0,0.0161
1505059TOMYEFP,0,0.0161
1505124RICO16A,0,0.0161
150559121SK15FA,0,0.0161
150559122GN04GA,0,0.0161
150559122GN08GA,0,0.0161
150559122GN15GA,0,0.0161
1505059FUG10SP,1,0.1684
1500015DRYER1FP,0,0.0537
1500015HILL1FP,0,0.0537
1500027K2F,0,0.0161
1500027S111,0,0.0161
1500027SUNSET,0,0.0161
15000321200,0,0.0161
15000321200A,0,0.0161
15000321401,0,0.0161
1500032915,0,0.0180
1500032915A,0,0.0161
1500032915AA,0,0.0161
1500032950,0,0.0161
1500032950A,0,0.0161
1500032950B,0,0.0161
1500553132A,0,0.0161
1500553160PB1,0,0.0161
1500553162,0,0.0161
1500553163,0,0.0161
1500553163A,0,0.0161
1500553163P1,0,0.0161
150062910A,0,0.0161
150062915A,0,0.0161
150062915B,0,0.0161
150062915D,0,0.0161
15006294B,0,0.0161
15006295B,0,0.0161
15006296C,0,0.0161
15006296D,0,0.0161
15006299B,0,0.0161
1500635FDLT35P,0,0.0537
1500635FDLT3SP,0,0.0537
15008241KPSP20,0,0.0161
15008242PS20,0,0.0463
15008243KPSP20,0,0.0161
15022770621SP,0,0.0537
15022771021SP,0,0.0161
15022771821FP,0,0.0537
1504213P3,0,0.0537
1504548RP,0,0.0161
1504548SP1,0,0.0161
1504548SP2,0,0.0161
1505059PET1SP,0,0.0537
1505059TOMYEFP,0,0.0537
1505124D15,0,0.0537
1505124D15A,0,0.0537
150559121SK15FA,0,0.0537
150559122GN04GA,0,0.0537
150559122GN08GA,0,0.0537
150559122GN15GA,0,0.0537
1505059FUG10SP,1,0.1685
1500015DRYER1FP,0,0.0537
1500015HILL1FP,0,0.0537
1500027K2F,0,0.0161
1500027SUNSET,0,0.0161
15000321200,0,0.0161
15000321200A,0,0.0161
15000321401,0,0.0161
1500032950,0,0.0161
1500032950A,0,0.0161
1500032950B,0,0.0161
1500553132A,0,0.0161
1500553162,0,0.0162
1500553163,0,0.0161
1500553163A,0,0.0161
1500553163P1,0,0.0161
150062910A,0,0.0161
150062915A,0,0.0439
150062915B,0,0.0161
150062915D,0,0.0161
15006294B,0,0.0161
15006295B,0,0.0161
15006296C,0,0.0161
15006296D,0,0.0161
15006299B,0,0.0161
1500635FDLT35P,0,0.0161
1500635FDLT3SP,0,0.0161
1500635HAM35P,0,0.0164
1500635HAMWWP,0,0.0162
15008243KPSP20,0,0.0161
15022770621SP,0,0.0537
15022771021SP,0,0.0161
15022771821FP,0,0.0537
1504213P3,0,0.0537
1504548RP,0,0.0161
1504548SP1,0,0.0161
1505059PET1SP,0,0.0537
1505059TOMYEFP,0,0.0537
1505124D15,0,0.0537
1505124D15A,0,0.0537
150559121SK15FA,0,0.0537
150559122GN04GA,0,0.0537
150559122GN08GA,0,0.0537
150559122GN15GA,0,0.0537
1505059FUG10SP,1,0.1689
1500015DRYER1FP,0,0.0537
1500015HILL1FP,0,0.0537
1500027K2F,0,0.0161
1500027SUNSET,0,0.0161
15000321200,0,0.0161
15000321200A,0,0.0161
15000321401,0,0.0161
1500032950,0,0.0161
1500032950A,0,0.0161
1500032950B,0,0.0161
1500553132A,0,0.0161
1500553163P1,0,0.0858
1500553164PA,0,0.0161
1500553171,0,0.0161
150062910A,0,0.0161
150062915D,0,0.0161
15006294B,0,0.0161
15006295B,0,0.0161
15006296C,0,0.0461
15006296D,0,0.0161
15006299B,0,0.0161
1500635FDLT35P,0,0.0161
1500635FDLT3SP,0,0.0161
1500635MTWP,0,0.0161
15022770621SP,0,0.0537
15022771821FP,0,0.0537
1504213P3,0,0.0537
1504311208WPO,0,0.0161
1504548RP,0,0.0161
1505059PET1SP,0,0.0537
1505059TOMYEFP,0,0.0537
1505124D15,0,0.0537
1505124D15A,0,0.0537
150559121SK15FA,0,0.0537
150559122GN04GA,0,0.0537
150559122GN08GA,0,0.0537
150559122GN15GA,0,0.0537
1505059FUG11SP,1,0.1712
1500015DRYER1FP,0,0.0537
1500015HILL1FP,0,0.0537
1500027K2F,0,0.0161
1500027S111,0,0.0161
1500027SUNSET,0,0.0161
15000321200,0,0.0161
15000321200A,0,0.0161
15000321401,0,0.0161
1500032915,0,0.0180
1500032915A,0,0.0161
1500032915AA,0,0.0161
1500032950,0,0.0161
1500032950A,0,0.0161
1500032950B,0,0.0161
1500553132A,0,0.0161
1500553160PB1,0,0.0161
1500553162,0,0.0161
1500553163,0,0.0161
1500553163A,0,0.0161
1500553163P1,0,0.0161
150062910A,0,0.0161
150062915A,0,0.0161
150062915B,0,0.0161
150062915D,0,0.0161
15006294B,0,0.0161
15006295B,0,0.0161
15006296C,0,0.0161
15006296D,0,0.0161
15006299B,0,0.0161
1500635FDLT35P,0,0.0537
1500635FDLT3SP,0,0.0537
15008241KPSP20,0,0.0161
15008242PS20,0,0.0463
15008243KPSP20,0,0.0161
15022770621SP,0,0.0537
15022771021SP,0,0.0161
15022771821FP,0,0.0537
1504213P3,0,0.0537
1504548RP,0,0.0161
1504548SP1,0,0.0161
1504548SP2,0,0.0161
1505059PET1SP,0,0.0537
1505059TOMYEFP,0,0.0537
1505124D15,0,0.0537
1505124D15A,0,0.0537
150559121SK15FA,0,0.0537
150559122GN04GA,0,0.0537
150559122GN08GA,0,0.0537
150559122GN15GA,0,0.0537
1505059FUG12SP,1,0.2422
1500015DRYER1FP,0,0.0537
1500015HILL1FP,0,0.0537
1500027K2F,0,0.0161
1500027SUNSET,0,0.0161
15000321200,0,0.0161
15000321200A,0,0.0161
15000321401,0,0.0161
1500032950,0,0.0161
1500032950A,0,0.0161
1500032950B,0,0.0161
1500553132A,0,0.0161
1500553162,0,0.0162
1500553163,0,0.0161
1500553163A,0,0.0161
1500553163P1,0,0.0161
150062910A,0,0.0161
150062915A,0,0.0439
150062915B,0,0.0161
150062915D,0,0.0161
15006294B,0,0.0161
15006295B,0,0.0161
15006296C,0,0.0161
15006296D,0,0.0161
15006299B,0,0.0161
1500635FDLT35P,0,0.0161
1500635FDLT3SP,0,0.0161
1500635HAM35P,0,0.0164
1500635HAMWWP,0,0.0162
15008243KPSP20,0,0.0161
15022770621SP,0,0.0537
15022771021SP,0,0.0161
15022771821FP,0,0.0537
1504213P3,0,0.0537
1504548RP,0,0.0161
1504548SP1,0,0.0161
1505059PET1SP,0,0.0537
1505059TOMYEFP,0,0.0537
1505124D15,0,0.0537
1505124D15A,0,0.0537
150559121SK15FA,0,0.0537
150559122GN04GA,0,0.0537
150559122GN08GA,0,0.0537
150559122GN15GA,0,0.0537
1505059FUG13SP,1,0.2160
1500015DRYER1FP,0,0.0537
1500015HILL1FP,0,0.0537
1500027K2F,0,0.0161
1500027SUNSET,0,0.0161
15000321200,0,0.0161
15000321200A,0,0.0161
15000321401,0,0.0161
1500032950,0,0.0161
1500032950A,0,0.0161
1500032950B,0,0.0161
1500553132A,0,0.0161
1500553162,0,0.0162
1500553163,0,0.0161
1500553163A,0,0.0161
1500553163P1,0,0.0161
150062910A,0,0.0161
150062915A,0,0.0439
150062915B,0,0.0161
150062915D,0,0.0161
15006294B,0,0.0161
15006295B,0,0.0161
15006296C,0,0.0161
15006296D,0,0.0161
15006299B,0,0.0161
1500635FDLT35P,0,0.0161
1500635FDLT3SP,0,0.0161
1500635HAM35P,0,0.0164
1500635HAMWWP,0,0.0162
15008243KPSP20,0,0.0161
15022770621SP,0,0.0537
15022771021SP,0,0.0161
15022771821FP,0,0.0537
1504213P3,0,0.0537
1504548RP,0,0.0161
1504548SP1,0,0.0161
1505059PET1SP,0,0.0537
1505059TOMYEFP,0,0.0537
1505124D15,0,0.0537
1505124D15A,0,0.0537
150559121SK15FA,0,0.0537
150559122GN04GA,0,0.0537
150559122GN08GA,0,0.0537
150559122GN15GA,0,0.0537
1505059FUG14SP,1,0.2080
1500015DRYER1FP,0,0.0537
1500015HILL1FP,0,0.0537
1500027K2F,0,0.0161
1500027SUNSET,0,0.0161
15000321200,0,0.0161
15000321200A,0,0.0161
15000321401,0,0.0161
1500032950,0,0.0161
1500032950A,0,0.0161
1500032950B,0,0.0161
1500553132A,0,0.0161
1500553162,0,0.0163
1500553163,0,0.0161
1500553163A,0,0.0161
1500553163P1,0,0.0161
150062910A,0,0.0161
150062915A,0,0.0451
150062915B,0,0.0161
150062915D,0,0.0161
15006294B,0,0.0161
15006295B,0,0.0161
15006296C,0,0.0161
15006296D,0,0.0161
15006299B,0,0.0161
1500635FDLT35P,0,0.0537
1500635FDLT3SP,0,0.0537
15008241KPSP20,0,0.0182
15008243KPSP20,0,0.0161
15022770621SP,0,0.0537
15022771021SP,0,0.0161
15022771821FP,0,0.0537
1504213P3,0,0.0537
1504548RP,0,0.0161
1504548SP1,0,0.0161
1505059PET1SP,0,0.0537
1505059TOMYEFP,0,0.0537
1505124D15,0,0.0537
1505124D15A,0,0.0537
150559121SK15FA,0,0.0537
150559122GN04GA,0,0.0537
150559122GN08GA,0,0.0537
150559122GN15GA,0,0.0537
1505059FUG1SP,1,0.2422
1500015DRYER1FP,0,0.0537
1500015HILL1FP,0,0.0537
1500027K2F,0,0.0161
1500027S111,0,0.0161
1500027SUNSET,0,0.0161
15000321200,0,0.0161
15000321200A,0,0.0161
15000321401,0,0.0161
1500032915,0,0.0162
1500032915A,0,0.0161
1500032915AA,0,0.0161
1500032950,0,0.0161
1500032950A,0,0.0161
1500032950B,0,0.0161
1500553132A,0,0.0161
1500553160PB1,0,0.0161
1500553162,0,0.0161
1500553163,0,0.0161
1500553163A,0,0.0161
1500553163P1,0,0.0161
150062910A,0,0.0161
15006297E1,0,0.0162
1500635FDLT35P,0,0.0537
1500635FDLT3SP,0,0.0537
15008241KPSP20,0,0.0161
15008242PS20,0,0.0462
15008243KPSP20,0,0.0161
15022770621SP,0,0.0537
15022771021SP,0,0.0161
15022771821FP,0,0.0537
1504213P3,0,0.0537
1504548RP,0,0.0161
1504548SP1,0,0.0161
1504548SP2,0,0.0161
1505059PET1SP,0,0.0537
1505059TOMYEFP,0,0.0537
1505124D15,0,0.0537
1505124D15A,0,0.0537
150559121SK15FA,0,0.0537
150559122GN04GA,0,0.0537
150559122GN08GA,0,0.0537
150559122GN15GA,0,0.0537
1505059FUG2FP,1,0.1204
1500015DRYER1FP,0,0.0161
1500015HILL1FP,0,0.0161
15008241PF20,0,0.0161
15022770621SP,0,0.0537
15022771821FP,0,0.0161
1504213P3,0,0.0161
1505059CATTANI,0,0.0892
1505059ENGLE,0,0.0161
1505059FUGIT2FP,0,0.0902
1505059PET1SP,0,0.0161
1505059RUDDFP,0,0.0231
1505059TOMYEFP,0,0.0161
1505124RICO16A,0,0.0161
150559121SK15FA,0,0.0161
150559122GN04GA,0,0.0161
150559122GN08GA,0,0.0161
150559122GN15GA,0,0.0161
1505059FUG6SP,1,0.2418
1500015DRYER1FP,0,0.0537
1500015HILL1FP,0,0.0537
1500027K2F,0,0.0161
1500027SUNSET,0,0.0161
15000321200,0,0.0161
15000321200A,0,0.0161
15000321401,0,0.0161
1500032950,0,0.0161
1500032950A,0,0.0161
1500032950B,0,0.0161
1500553132A,0,0.0161
1500553163,0,0.0161
1500553163P1,0,0.0161
150062910A,0,0.0161
150062915B,0,0.0161
150062915D,0,0.0161
15006294B,0,0.0161
15006295B,0,0.0161
15006296C,0,0.0162
15006296D,0,0.0161
15006299B,0,0.0161
1500635FDLT35P,0,0.0161
1500635FDLT3SP,0,0.0161
1500635HAMWWP,0,0.0898
1500635MTWP,0,0.0161
15022770621SP,0,0.0537
15022771021SP,0,0.0162
15022771821FP,0,0.0537
1504213P3,0,0.0537
1504548RP,0,0.0161
1504548SP1,0,0.0161
1505059PET1SP,0,0.0537
1505059TOMYEFP,0,0.0537
1505124D15,0,0.0537
1505124D15A,0,0.0537
150559121SK15FA,0,0.0537
150559122GN04GA,0,0.0537
150559122GN08GA,0,0.0537
150559122GN15GA,0,0.0537
1505059FUG6SP,1,0.2423
1500015DRYER1FP,0,0.0537
1500015HILL1FP,0,0.0537
1500027K2F,0,0.0161
1500027SUNSET,0,0.0161
15000321200,0,0.0161
15000321200A,0,0.0161
15000321401,0,0.0161
1500032950,0,0.0161
1500032950A,0,0.0161
1500032950B,0,0.0161
1500553132A,0,0.0161
1500553163P1,0,0.0858
1500553164PA,0,0.0161
1500553171,0,0.0161
150062910A,0,0.0161
150062915D,0,0.0161
15006294B,0,0.0161
15006295B,0,0.0161
15006296C,0,0.0461
15006296D,0,0.0161
15006299B,0,0.0161
1500635FDLT35P,0,0.0161
1500635FDLT3SP,0,0.0161
1500635MTWP,0,0.0161
15022770621SP,0,0.0537
15022771821FP,0,0.0537
1504213P3,0,0.0537
1504311208WPO,0,0.0161
1504548RP,0,0.0161
1505059PET1SP,0,0.0537
1505059TOMYEFP,0,0.0537
1505124D15,0,0.0537
1505124D15A,0,0.0537
150559121SK15FA,0,0.0537
150559122GN04GA,0,0.0537
150559122GN08GA,0,0.0537
150559122GN15GA,0,0.0537
1505059FUG7SP,1,0.2245
1500015DRYER1FP,0,0.0537
1500015HILL1FP,0,0.0537
1500027K2F,0,0.0161
1500027SUNSET,0,0.0161
15000321200,0,0.0161
15000321200A,0,0.0161
15000321401,0,0.0161
1500032950,0,0.0161
1500032950A,0,0.0161
1500032950B,0,0.0161
1500553132A,0,0.0161
1500553163,0,0.0161
1500553163P1,0,0.0161
150062910A,0,0.0161
150062915B,0,0.0161
150062915D,0,0.0161
15006294B,0,0.0161
15006295B,0,0.0161
15006296C,0,0.0162
15006296D,0,0.0161
15006299B,0,0.0161
1500635FDLT35P,0,0.0161
1500635FDLT3SP,0,0.0161
1500635HAMWWP,0,0.0898
1500635MTWP,0,0.0161
15022770621SP,0,0.0537
15022771021SP,0,0.0162
15022771821FP,0,0.0537
1504213P3,0,0.0537
1504548RP,0,0.0161
1504548SP1,0,0.0161
1505059PET1SP,0,0.0537
1505059TOMYEFP,0,0.0537
1505124D15,0,0.0537
1505124D15A,0,0.0537
150559121SK15FA,0,0.0537
150559122GN04GA,0,0.0537
150559122GN08GA,0,0.0537
150559122GN15GA,0,0.0537
1505059FUG7SP,1,0.2170
1500015DRYER1FP,0,0.0537
1500015HILL1FP,0,0.0537
1500027K2F,0,0.0161
1500027SUNSET,0,0.0161
15000321200,0,0.0161
15000321200A,0,0.0161
15000321401,0,0.0161
1500032950,0,0.0161
1500032950A,0,0.0161
1500032950B,0,0.0161
1500553132A,0,0.0161
1500553163P1,0,0.0858
1500553164PA,0,0.0161
1500553171,0,0.0161
150062910A,0,0.0161
150062915D,0,0.0161
15006294B,0,0.0161
15006295B,0,0.0161
15006296C,0,0.0461
15006296D,0,0.0161
15006299B,0,0.0161
1500635FDLT35P,0,0.0161
1500635FDLT3SP,0,0.0161
1500635MTWP,0,0.0161
15022770621SP,0,0.0537
15022771821FP,0,0.0537
1504213P3,0,0.0537
1504311208WPO,0,0.0161
1504548RP,0,0.0161
1505059PET1SP,0,0.0537
1505059TOMYEFP,0,0.0537
1505124D15,0,0.0537
1505124D15A,0,0.0537
150559121SK15FA,0,0.0537
150559122GN04GA,0,0.0537
150559122GN08GA,0,0.0537
150559122GN15GA,0,0.0537
1505059FUG8SP,1,0.2423
1500015DRYER1FP,0,0.0537
1500015HILL1FP,0,0.0537
1500027K2F,0,0.0161
1500027S111,0,0.0161
1500027SUNSET,0,0.0161
15000321200,0,0.0161
15000321200A,0,0.0161
15000321401,0,0.0161
1500032915,0,0.0162
1500032915A,0,0.0161
1500032915AA,0,0.0161
1500032950,0,0.0161
1500032950A,0,0.0161
1500032950B,0,0.0161
1500553132A,0,0.0161
1500553160PB1,0,0.0161
1500553162,0,0.0161
1500553163,0,0.0161
1500553163A,0,0.0161
1500553163P1,0,0.0161
150062910A,0,0.0161
15006297E1,0,0.0161
1500635FDLT35P,0,0.0537
1500635FDLT3SP,0,0.0537
15008241KPSP20,0,0.0161
15008242PS20,0,0.0462
15008243KPSP20,0,0.0161
15022770621SP,0,0.0537
15022771021SP,0,0.0161
15022771821FP,0,0.0537
1504213P3,0,0.0537
1504548RP,0,0.0161
1504548SP1,0,0.0161
1504548SP2,0,0.0161
1505059PET1SP,0,0.0537
1505059TOMYEFP,0,0.0537
1505124D15,0,0.0537
1505124D15A,0,0.0537
150559121SK15FA,0,0.0537
150559122GN04GA,0,0.0537
150559122GN08GA,0,0.0537
150559122GN15GA,0,0.0537
1505059FUG9SP,1,0.2419
1500015DRYER1FP,0,0.0537
1500015HILL1FP,0,0.0537
1500027K2F,0,0.0161
1500027S111,0,0.0161
1500027SUNSET,0,0.0161
15000321200,0,0.0161
15000321200A,0,0.0161
15000321401,0,0.0161
1500032915,0,0.0180
1500032915A,0,0.0161
1500032915AA,0,0.0161
1500032950,0,0.0161
1500032950A,0,0.0161
1500032950B,0,0.0161
1500553132A,0,0.0161
1500553160PB1,0,0.0161
1500553162,0,0.0161
1500553163,0,0.0161
1500553163A,0,0.0161
1500553163P1,0,0.0161
150062910A,0,0.0161
150062915A,0,0.0161
150062915B,0,0.0161
150062915D,0,0.0161
15006294B,0,0.0161
15006295B,0,0.0161
15006296C,0,0.0161
15006296D,0,0.0161
15006299B,0,0.0161
1500635FDLT35P,0,0.0537
1500635FDLT3SP,0,0.0537
15008241KPSP20,0,0.0161
15008242PS20,0,0.0463
15008243KPSP20,0,0.0161
15022770621SP,0,0.0537
15022771021SP,0,0.0161
15022771821FP,0,0.0537
1504213P3,0,0.0537
1504548RP,0,0.0161
1504548SP1,0,0.0161
1504548SP2,0,0.0161
1505059PET1SP,0,0.0537
1505059TOMYEFP,0,0.0537
1505124D15,0,0.0537
1505124D15A,0,0.0537
150559121SK15FA,0,0.0537
150559122GN04GA,0,0.0537
150559122GN08GA,0,0.0537
150559122GN15GA,0,0.0537
1505059FUGIT3FP,1,0.1268
1500015DRYER1FP,0,0.0161
1500015HILL1FP,0,0.0161
15008241PF20,0,0.0161
15022770421FP,0,0.0161
15022770621SP,0,0.0161
15022771821FP,0,0.0161
1504213P3,0,0.0161
1505059ENGLE,0,0.0161
1505059PET1SP,0,0.0161
1505059TOMYEFP,0,0.0161
1505124RICO16A,0,0.0161
150559121SK15FA,0,0.0161
150559122GN04GA,0,0.0161
150559122GN08GA,0,0.0161
150559122GN15GA,0,0.0161
1505059IZQNFP,1,0.2421
1500015DRYER1FP,0,0.0161
1500015HILL1FP,0,0.0161
15008241PF20,0,0.0161
15022770621SP,0,0.0537
15022771821FP,0,0.0161
1504213P3,0,0.0161
1505059CATTANI,0,0.0195
1505059ENGLE,0,0.0161
1505059FUGIT2FP,0,0.0161
1505059PET1SP,0,0.0161
1505059RUDDFP,0,0.0161
1505059TOMYEFP,0,0.0161
1505124RICO16A,0,0.0161
150559121SK15FA,0,0.0161
150559122GN04GA,0,0.0161
150559122GN08GA,0,0.0161
150559122GN15GA,0,0.0161
1505059IZQSFP,1,0.2412
1500015DRYER1FP,0,0.0161
1500015HILL1FP,0,0.0161
15008241PF20,0,0.0161
15022770421FP,0,0.0161
15022770621SP,0,0.0161
15022771821FP,0,0.0161
1504213P3,0,0.0161
1505059ENGLE,0,0.0161
1505059PET1SP,0,0.0161
1505059TOMYEFP,0,0.0161
1505124RICO16A,0,0.0161
150559121SK15FA,0,0.0161
150559122GN04GA,0,0.0161
150559122GN08GA,0,0.0161
150559122GN15GA,0,0.0161
1505059JAMESP,1,0.1344
1500015DRYER1FP,0,0.0537
1500015HILL1FP,0,0.0537
1500027K2F,0,0.0161
1500027S111,0,0.0161
1500027SUNSET,0,0.0161
15000321200,0,0.0161
15000321200A,0,0.0161
15000321401,0,0.0161
1500032915,0,0.0161
1500032915A,0,0.0161
1500032915AA,0,0.0161
1500032950,0,0.0161
1500032950A,0,0.0161
1500032950B,0,0.0161
1500553132A,0,0.0161
1500553160PB1,0,0.0161
1500553162,0,0.0161
1500553163,0,0.0161
1500553163A,0,0.0161
1500553163P1,0,0.0161
15006297E1,0,0.0161
1500635FDLT35P,0,0.0537
1500635FDLT3SP,0,0.0537
1500635GRIMCP,0,0.0161
15008241KPSP20,0,0.0161
15008242PS20,0,0.0161
15008243KPSP20,0,0.0161
1501361071120JP,0,0.0161
1501361071220JP,0,0.0161
15022770621SP,0,0.0537
15022771021SP,0,0.0161
15022771821FP,0,0.0537
1504213P3,0,0.0537
1504498SDSP,0,0.0881
1504548RP,0,0.0161
1504548SP1,0,0.0161
1504548SP2,0,0.0161
1505059AGRO5NP,0,0.0161
1505059AGRO5SP,0,0.0161
1505059PET1SP,0,0.0537
1505059SMITHSP,0,0.0161
1505059TOMYEFP,0,0.0537
1505124D15,0,0.0537
1505124D15A,0,0.0537
150553216F,0,0.0161
150559121SK15FA,0,0.0537
150559122GN04GA,0,0.0537
150559122GN08GA,0,0.0537
150559122GN15GA,0,0.0537
1505059MRCH12SP,1,0.1825
1500015DRYER1FP,0,0.0537
1500015HILL1FP,0,0.0537
1500027K2F,0,0.0161
1500027S111,0,0.0161
1500027SUNSET,0,0.0161
1500032805,0,0.0161
1500032915,0,0.0161
1500032915A,0,0.0161
1500032915AA,0,0.0161
1500032950,0,0.0161
1500032950A,0,0.0161
1500032950B,0,0.0161
1500553132A,0,0.0161
1500553160PB1,0,0.0161
1500553162,0,0.0161
1500553163,0,0.0161
1500553163A,0,0.0161
1500553163P1,0,0.0161
15006297E1,0,0.0161
1500635FDLT35P,0,0.0537
1500635FDLT3SP,0,0.0537
1500635GRIMCP,0,0.0161
15008241KPSP20,0,0.0161
15008242PS20,0,0.0161
15008243KPSP20,0,0.0161
1501361071120JP,0,0.0161
1501361071220JP,0,0.0161
15022770621SP,0,0.0537
15022771021SP,0,0.0161
15022771821FP,0,0.0537
1504213P3,0,0.0537
1504548RP,0,0.0161
1504548SP1,0,0.0161
1504548SP2,0,0.0161
1505059AGRO5NP,0,0.0161
1505059AGRO5SP,0,0.0161
1505059BOCKSP,0,0.0161
1505059PET1SP,0,0.0537
1505059SMITHSP,0,0.0161
1505059TOMYEFP,0,0.0537
1505124D15,0,0.0537
1505124D15A,0,0.0537
150553216F,0,0.0161
1505532NMA,0,0.0161
1505532NMBE,0,0.0161
1505532NMBW,0,0.0210
1505532SMH,0,0.0161
150559121SK15FA,0,0.0537
150559122GN04GA,0,0.0537
150559122GN08GA,0,0.0537
150559122GN15GA,0,0.0537
1505059PALLA4FP,1,0.2121
1500015DRYER1FP,0,0.0161
1500015HILL1FP,0,0.0161
15008241PF20,0,0.0161
15022770621SP,0,0.0537
15022771821FP,0,0.0161
1504213P3,0,0.0161
1505059CATTANI,0,0.0901
1505059ENGLE,0,0.0161
1505059FUGIT2FP,0,0.0161
1505059PET1SP,0,0.0161
1505059RUDDFP,0,0.0161
1505059TOMYEFP,0,0.0161
1505124RICO16A,0,0.0161
150559121SK15FA,0,0.0161
150559122GN04GA,0,0.0161
150559122GN08GA,0,0.0161
150559122GN15GA,0,0.0161
1505059PALLAFP,1,0.1375
1500015DRYER1FP,0,0.0161
1500015HILL1FP,0,0.0161
15008241PF20,0,0.0161
15022770621SP,0,0.0537
15022771821FP,0,0.0161
1504213P3,0,0.0161
1505059CATTANI,0,0.0901
1505059ENGLE,0,0.0161
1505059FUGIT2FP,0,0.0161
1505059PET1SP,0,0.0161
1505059RUDDFP,0,0.0161
1505059TOMYEFP,0,0.0161
1505124RICO16A,0,0.0161
150559121SK15FA,0,0.0161
150559122GN04GA,0,0.0161
150559122GN08GA,0,0.0161
150559122GN15GA,0,0.0161
1505059PET2SP,1,0.2155
1500015DRYER1FP,0,0.0537
1500015HILL1FP,0,0.0537
1500027K2F,0,0.0161
1500027SUNSET,0,0.0161
15000321200,0,0.0161
15000321200A,0,0.0161
15000321401,0,0.0161
1500032950,0,0.0161
1500032950A,0,0.0161
1500032950B,0,0.0161
1500553132A,0,0.0161
1500553163P1,0,0.0858
1500553164PA,0,0.0161
1500553171,0,0.0161
150062910A,0,0.0161
150062915D,0,0.0161
15006294B,0,0.0161
15006295B,0,0.0161
15006296C,0,0.0461
15006296D,0,0.0161
15006299B,0,0.0161
1500635FDLT35P,0,0.0161
1500635FDLT3SP,0,0.0161
1500635MTWP,0,0.0161
15022770621SP,0,0.0537
15022771821FP,0,0.0537
1504213P3,0,0.0537
1504311208WPO,0,0.0161
1504548RP,0,0.0161
1505059PET1SP,0,0.0537
1505059TOMYEFP,0,0.0537
1505124D15,0,0.0537
1505124D15A,0,0.0537
150559121SK15FA,0,0.0537
150559122GN04GA,0,0.0537
150559122GN08GA,0,0.0537
150559122GN15GA,0,0.0537
1505059RICHRDSP,1,0.1203
1500015DRYER1FP,0,0.0537
1500015HILL1FP,0,0.0537
1500027K2F,0,0.0161
1500027S111,0,0.0162
1500027SUNSET,0,0.0161
15000321200,0,0.0161
15000321200A,0,0.0161
15000321401,0,0.0161
1500032805,0,0.0215
1500032915,0,0.0161
1500032915A,0,0.0161
1500032915AA,0,0.0161
1500032950,0,0.0161
1500032950A,0,0.0161
1500032950B,0,0.0161
1500553132A,0,0.0161
1500553160PB1,0,0.0161
1500553162,0,0.0161
1500553163,0,0.0161
1500553163A,0,0.0161
1500553163P1,0,0.0161
15006297E1,0,0.0161
1500635FDLT35P,0,0.0537
1500635FDLT3SP,0,0.0537
1500635GRIMCP,0,0.0161
15008241KPSP20,0,0.0161
15008242PS20,0,0.0161
15008243KPSP20,0,0.0161
1501361071120JP,0,0.0161
1501361071220JP,0,0.0161
15022770621SP,0,0.0537
15022771021SP,0,0.0161
15022771821FP,0,0.0537
1504213P3,0,0.0537
1504498SDSP,0,0.0488
1504548RP,0,0.0161
1504548SP1,0,0.0161
1504548SP2,0,0.0161
1505059AGRO5NP,0,0.0161
1505059AGRO5SP,0,0.0161
1505059PET1SP,0,0.0537
1505059SMITHSP,0,0.0887
1505059TOMYEFP,0,0.0537
1505124D15,0,0.0537
1505124D15A,0,0.0537
150553216F,0,0.0161
150559121SK15FA,0,0.0537
150559122GN04GA,0,0.0537
150559122GN08GA,0,0.0537
150559122GN15GA,0,0.0537
1505059RICHRDSP,1,0.1203
1500015DRYER1FP,0,0.0537
1500015HILL1FP,0,0.0537
1500027K2F,0,0.0161
1500027S111,0,0.0163
1500027SUNSET,0,0.0161
15000321200,0,0.0161
15000321200A,0,0.0161
15000321401,0,0.0161
1500032915,0,0.0164
1500032915A,0,0.0161
1500032915AA,0,0.0161
1500032950,0,0.0161
1500032950A,0,0.0161
1500032950B,0,0.0161
1500553132A,0,0.0161
1500553160PB1,0,0.0161
1500553162,0,0.0161
1500553163,0,0.0161
1500553163A,0,0.0161
1500553163P1,0,0.0161
15006297E1,0,0.0161
1500635FDLT35P,0,0.0537
1500635FDLT3SP,0,0.0537
15008241KPSP20,0,0.0161
15008242PS20,0,0.0161
15008243KPSP20,0,0.0161
1501361071120JP,0,0.0161
1501361071220JP,0,0.0161
15022770621SP,0,0.0537
15022771021SP,0,0.0161
15022771821FP,0,0.0537
1504213P3,0,0.0537
1504498SDSP,0,0.0834
1504548RP,0,0.0161
1504548SP1,0,0.0161
1504548SP2,0,0.0161
1505059PET1SP,0,0.0537
1505059SMITHSP,0,0.0161
1505059TOMYEFP,0,0.0537
1505124D15,0,0.0537
1505124D15A,0,0.0537
150553216F,0,0.0161
150559121SK15FA,0,0.0537
150559122GN04GA,0,0.0537
150559122GN08GA,0,0.0537
150559122GN15GA,0,0.0537
1505059SANTFNSP,1,0.2396
1500015DRYER1FP,0,0.0537
1500015HILL1FP,0,0.0537
1500027K2F,0,0.0161
1500027SUNSET,0,0.0161
1500032805,0,0.0161
1500032915,0,0.0161
1500032915A,0,0.0161
1500032915AA,0,0.0161
1500553132A,0,0.0161
1500553163A,0,0.0161
15006297E1,0,0.0161
1500635FDLT35P,0,0.0537
1500635FDLT3SP,0,0.0537
15008241KPSP20,0,0.0161
15008242PS20,0,0.0161
15008243KPSP20,0,0.0161
15022770621SP,0,0.0537
15022771021SP,0,0.0161
15022771821FP,0,0.0537
1504213P3,0,0.0537
1504498ORAN80P,0,0.0161
1505059AGRO5NP,0,0.0161
1505059AGRO5SP,0,0.0161
1505059BOCKSP,0,0.0161
1505059KIMSP,0,0.0161
1505059PET1SP,0,0.0537
1505059SMITHSP,0,0.0161
1505059TOMYEFP,0,0.0537
1505124D15,0,0.0537
1505124D15A,0,0.0537
150553216F,0,0.0161
150559121SK15FA,0,0.0537
150559122GN04GA,0,0.0537
150559122GN08GA,0,0.0537
150559122GN15GA,0,0.0537
1505059SANTFSSP,1,0.2423
1500015DRYER1FP,0,0.0537
1500015HILL1FP,0,0.0537
1500027K2F,0,0.0161
1500027SUNSET,0,0.0161
1500032805,0,0.0161
1500032915,0,0.0161
1500032915A,0,0.0161
1500032915AA,0,0.0161
1500553132A,0,0.0161
1500553163A,0,0.0161
15006297E1,0,0.0161
1500635FDLT35P,0,0.0537
1500635FDLT3SP,0,0.0537
15008241KPSP20,0,0.0161
15008242PS20,0,0.0161
15008243KPSP20,0,0.0161
15022770621SP,0,0.0537
15022771021SP,0,0.0161
15022771821FP,0,0.0537
1504213P3,0,0.0537
1504498ORAN80P,0,0.0161
1505059AGRO5NP,0,0.0161
1505059AGRO5SP,0,0.0161
1505059BOCKSP,0,0.0161
1505059KIMSP,0,0.0161
1505059PET1SP,0,0.0537
1505059SMITHSP,0,0.0161
1505059TOMYEFP,0,0.0537
1505124D15,0,0.0537
1505124D15A,0,0.0537
150553216F,0,0.0161
150559121SK15FA,0,0.0537
150559122GN04GA,0,0.0537
150559122GN08GA,0,0.0537
150559122GN15GA,0,0.0537
1505059TOMMYNSP,1,0.1685
1500015DRYER1FP,0,0.0537
1500015HILL1FP,0,0.0537
1500027K2F,0,0.0161
1500027S111,0,0.0161
1500027SUNSET,0,0.0161
15000321200,0,0.0161
15000321200A,0,0.0161
15000321401,0,0.0161
1500032915,0,0.0162
1500032915A,0,0.0161
1500032915AA,0,0.0161
1500032950,0,0.0161
1500032950A,0,0.0161
1500032950B,0,0.0161
1500553132A,0,0.0161
1500553160PB1,0,0.0161
1500553162,0,0.0161
1500553163,0,0.0161
1500553163A,0,0.0161
1500553163P1,0,0.0161
150062910A,0,0.0161
15006297E1,0,0.0162
1500635FDLT35P,0,0.0537
1500635FDLT3SP,0,0.0537
15008241KPSP20,0,0.0161
15008242PS20,0,0.0462
15008243KPSP20,0,0.0161
15022770621SP,0,0.0537
15022771021SP,0,0.0161
15022771821FP,0,0.0537
1504213P3,0,0.0537
1504548RP,0,0.0161
1504548SP1,0,0.0161
1504548SP2,0,0.0161
1505059PET1SP,0,0.0537
1505059TOMYEFP,0,0.0537
1505124D15,0,0.0537
1505124D15A,0,0.0537
150559121SK15FA,0,0.0537
150559122GN04GA,0,0.0537
150559122GN08GA,0,0.0537
150559122GN15GA,0,0.0537
1505059URFRIGSP,1,0.2298
1500015DRYER1FP,0,0.0537
1500015HILL1FP,0,0.0537
1500027K2F,0,0.0161
1500027S111,0,0.0162
1500027SUNSET,0,0.0161
15000321200,0,0.0161
15000321200A,0,0.0161
15000321401,0,0.0161
1500032805,0,0.0215
1500032915,0,0.0161
1500032915A,0,0.0161
1500032915AA,0,0.0161
1500032950,0,0.0161
1500032950A,0,0.0161
1500032950B,0,0.0161
1500553132A,0,0.0161
1500553160PB1,0,0.0161
1500553162,0,0.0161
1500553163,0,0.0161
1500553163A,0,0.0161
1500553163P1,0,0.0161
15006297E1,0,0.0161
1500635FDLT35P,0,0.0537
1500635FDLT3SP,0,0.0537
1500635GRIMCP,0,0.0161
15008241KPSP20,0,0.0161
15008242PS20,0,0.0161
15008243KPSP20,0,0.0161
1501361071120JP,0,0.0161
1501361071220JP,0,0.0161
15022770621SP,0,0.0537
15022771021SP,0,0.0161
15022771821FP,0,0.0537
1504213P3,0,0.0537
1504498SDSP,0,0.0488
1504548RP,0,0.0161
1504548SP1,0,0.0161
1504548SP2,0,0.0161
1505059AGRO5NP,0,0.0161
1505059AGRO5SP,0,0.0161
1505059PET1SP,0,0.0537
1505059SMITHSP,0,0.0887
1505059TOMYEFP,0,0.0537
1505124D15,0,0.0537
1505124D15A,0,0.0537
150553216F,0,0.0161
150559121SK15FA,0,0.0537
150559122GN04GA,0,0.0537
150559122GN08GA,0,0.0537
150559122GN15GA,0,0.0537
1505059WID12ASP,1,0.1204
1500015DRYER1FP,0,0.0537
1500015HILL1FP,0,0.0537
1500027K2F,0,0.0161
1500027S111,0,0.0161
1500027SUNSET,0,0.0161
1500032805,0,0.0161
1500032915,0,0.0161
1500032915A,0,0.0161
1500032915AA,0,0.0161
1500032950,0,0.0161
1500032950A,0,0.0161
1500032950B,0,0.0161
1500553132A,0,0.0161
1500553160PB1,0,0.0161
1500553162,0,0.0161
1500553163,0,0.0161
1500553163A,0,0.0161
1500553163P1,0,0.0161
15006297E1,0,0.0161
1500635FDLT35P,0,0.0537
1500635FDLT3SP,0,0.0537
1500635GRIMCP,0,0.0161
15008241KPSP20,0,0.0161
15008242PS20,0,0.0161
15008243KPSP20,0,0.0161
1501361071120JP,0,0.0161
1501361071220JP,0,0.0161
15022770621SP,0,0.0537
15022771021SP,0,0.0161
15022771821FP,0,0.0537
1504213P3,0,0.0537
1504548RP,0,0.0161
1504548SP1,0,0.0161
1504548SP2,0,0.0161
1505059AGRO5NP,0,0.0161
1505059AGRO5SP,0,0.0161
1505059BOCKSP,0,0.0161
1505059PET1SP,0,0.0537
1505059SMITHSP,0,0.0161
1505059TOMYEFP,0,0.0537
1505124D15,0,0.0537
1505124D15A,0,0.0537
150553216F,0,0.0161
1505532NMA,0,0.0161
1505532NMBE,0,0.0161
1505532NMBW,0,0.0210
1505532SMH,0,0.0161
150559121SK15FA,0,0.0537
150559122GN04GA,0,0.0537
150559122GN08GA,0,0.0537
150559122GN15GA,0,0.0537
1505059WID1ASP,1,0.1403
1500015DRYER1FP,0,0.0537
1500015HILL1FP,0,0.0537
1500027K2F,0,0.0161
1500027S111,0,0.0161
1500027SUNSET,0,0.0161
1500032805,0,0.0161
1500032915,0,0.0161
1500032915A,0,0.0161
1500032915AA,0,0.0161
1500032950,0,0.0161
1500032950A,0,0.0161
1500032950B,0,0.0161
1500553132A,0,0.0161
1500553160PB1,0,0.0161
1500553162,0,0.0161
1500553163,0,0.0161
1500553163A,0,0.0161
1500553163P1,0,0.0161
15006297E1,0,0.0161
1500635FDLT35P,0,0.0537
1500635FDLT3SP,0,0.0537
1500635GRIMCP,0,0.0161
15008241KPSP20,0,0.0161
15008242PS20,0,0.0161
15008243KPSP20,0,0.0161
1501361071120JP,0,0.0161
1501361071220JP,0,0.0161
15022770621SP,0,0.0537
15022771021SP,0,0.0161
15022771821FP,0,0.0537
1504213P3,0,0.0537
1504548RP,0,0.0161
1504548SP1,0,0.0161
1504548SP2,0,0.0161
1505059AGRO5NP,0,0.0161
1505059AGRO5SP,0,0.0161
1505059BOCKSP,0,0.0161
1505059PET1SP,0,0.0537
1505059SMITHSP,0,0.0161
1505059TOMYEFP,0,0.0537
1505124D15,0,0.0537
1505124D15A,0,0.0537
150553216F,0,0.0161
1505532NMA,0,0.0161
1505532NMBE,0,0.0161
1505532NMBW,0,0.0210
1505532SMH,0,0.0161
150559121SK15FA,0,0.0537
150559122GN04GA,0,0.0537
150559122GN08GA,0,0.0537
150559122GN15GA,0,0.0537
150553221F,1,0.1203
1500015DRYER1FP,0,0.0537
1500015HILL1FP,0,0.0537
1500027K2F,0,0.0390
1500027SUNSET,0,0.0161
15000321200,0,0.0161
15000321200A,0,0.0161
15000321401,0,0.0161
1500032950,0,0.0161
1500032950A,0,0.0161
1500032950B,0,0.0161
150062910A,0,0.0161
150062915D,0,0.0161
15006294B,0,0.0161
15006299B,0,0.0161
1500635FDLT35P,0,0.0161
1500635FDLT3SP,0,0.0161
1500635GRIMCP,0,0.0161
1500635MTWP,0,0.0161
1500635WN80P,0,0.0161
15022770621SP,0,0.0537
15022771821FP,0,0.0537
1504213P3,0,0.0537
1504548RP,0,0.0161
1505059PET1SP,0,0.0537
1505059TOMYEFP,0,0.0537
1505124D15,0,0.0537
1505124D15A,0,0.0537
150559121SK15FA,0,0.0537
150559122GN04GA,0,0.0537
150559122GN08GA,0,0.0537
150559122GN15GA,0,0.0537
150553230A,1,0.2164
1500015DRYER1FP,0,0.0537
1500015HILL1FP,0,0.0537
1500027K2F,0,0.0161
1500027S111,0,0.0161
1500027SUNSET,0,0.0161
15000321200,0,0.0161
15000321200A,0,0.0161
15000321401,0,0.0161
1500032950,0,0.0161
1500032950A,0,0.0161
1500032950B,0,0.0161
1500553132A,0,0.0161
1500553162,0,0.0162
1500553163,0,0.0161
1500553163A,0,0.0161
1500553163P1,0,0.0161
150062910A,0,0.0161
150062915A,0,0.0164
150062915B,0,0.0161
150062915D,0,0.0161
15006294B,0,0.0161
15006295B,0,0.0161
15006296C,0,0.0161
15006296D,0,0.0161
15006299B,0,0.0161
1500635FDLT35P,0,0.0537
1500635FDLT3SP,0,0.0537
15008241KPSP20,0,0.0162
15008243KPSP20,0,0.0161
15022770621SP,0,0.0537
15022771021SP,0,0.0161
15022771821FP,0,0.0537
1504213P3,0,0.0537
1504548RP,0,0.0161
1504548SP1,0,0.0161
1505059PET1SP,0,0.0537
1505059TOMYEFP,0,0.0537
1505124D15,0,0.0537
1505124D15A,0,0.0537
150559121SK15FA,0,0.0537
150559122GN04GA,0,0.0537
150559122GN08GA,0,0.0537
150559122GN15GA,0,0.0537
150001535SP,1,0.1212
1500027HERSHEY,0,0.0161
1500027KH1,0,0.0161
1500027S111,0,0.0161
1500027S115,0,0.0161
1500027S14,0,0.0161
1500027S14B,0,0.0969
15000321401A,0,0.0161
1500032401,0,0.0161
1500553132A,0,0.0161
1500553132C,0,0.0161
1500553160PB1,0,0.0161
1500553162A,0,0.0161
1500553164P1,0,0.0161
1500553173,0,0.0161
150062471C,0,0.0161
150062910B,0,0.0161
150062910C,0,0.0161
15006297A,0,0.0161
15006297C,0,0.0161
15006297E,0,0.0161
15006299A,0,0.0161
1500635MTWP,0,0.0161
1500635SANDW3P,0,0.0161
1500635SCANALW,0,0.0161
1500915121P,0,0.0161
1504311203PO,0,0.0161
1504311205PO,0,0.0161
1504311207PO,0,0.0161
1504311212PO,0,0.0161
1505059AGRO4SP,0,0.0162
1505059BRIMHLSP,0,0.0161
1505059CATANSSP,0,0.0161
1505059CATASSP,0,0.0161
1505059F50SP,0,0.0161
1505059FUG14PS,0,0.0161
1505059FUG8SP,0,0.0161
1505059FUGT11SP,0,0.0161
1505059JAMESP,0,0.0161
1505059JENSEN,0,0.0309
1505059PALLA5SP,0,0.0161
1505059PALLA6SP,0,0.0161
1505059PET1SP,0,0.0161
1505059PET5SP,0,0.0161
1505059PETSSP,0,0.0161
1505059RICHRDSP,0,0.0178
1505059SACCOSP,0,0.0161
1505059SANTFSSP,0,0.0161
1505059SVS120FP,0,0.0537
1505059SVS80SP,0,0.0161
1500015BERRY1SP,1,0.1684
1500027HERSHEY,0,0.0161
1500027KH1,0,0.0161
1500027S111,0,0.0161
1500027S115,0,0.0161
1500027S14,0,0.0161
1500027S14B,0,0.0969
15000321401A,0,0.0161
1500032401,0,0.0161
1500553132A,0,0.0161
1500553132C,0,0.0161
1500553160PB1,0,0.0161
1500553162A,0,0.0161
1500553164P1,0,0.0161
1500553173,0,0.0161
150062471C,0,0.0161
150062910B,0,0.0161
150062910C,0,0.0161
15006297A,0,0.0161
15006297C,0,0.0161
15006297E,0,0.0161
15006299A,0,0.0161
1500635MTWP,0,0.0161
1500635SANDW3P,0,0.0161
1500635SCANALW,0,0.0161
1500915121P,0,0.0161
1504311203PO,0,0.0161
1504311205PO,0,0.0161
1504311207PO,0,0.0161
1504311212PO,0,0.0161
1505059AGRO4SP,0,0.0162
1505059BRIMHLSP,0,0.0161
1505059CATANSSP,0,0.0161
1505059CATASSP,0,0.0161
1505059F50SP,0,0.0161
1505059FUG14PS,0,0.0161
1505059FUG8SP,0,0.0161
1505059FUGT11SP,0,0.0161
1505059JAMESP,0,0.0161
1505059JENSEN,0,0.0309
1505059PALLA5SP,0,0.0161
1505059PALLA6SP,0,0.0161
1505059PET1SP,0,0.0161
1505059PET5SP,0,0.0161
1505059PETSSP,0,0.0161
1505059RICHRDSP,0,0.0178
1505059SACCOSP,0,0.0161
1505059SANTFSSP,0,0.0161
1505059SVS120FP,0,0.0537
1505059SVS80SP,0,0.0161
1500015BERRY2SP,1,0.1203
1500027HERSHEY,0,0.0161
1500027KH1,0,0.0161
1500027S111,0,0.0161
1500027S115,0,0.0161
1500027S14,0,0.0161
1500027S14B,0,0.0969
15000321401A,0,0.0161
1500032401,0,0.0161
1500553132A,0,0.0161
1500553132C,0,0.0161
1500553160PB1,0,0.0161
1500553162A,0,0.0161
1500553164P1,0,0.0161
1500553173,0,0.0161
150062471C,0,0.0161
150062910B,0,0.0161
150062910C,0,0.0161
15006297A,0,0.0161
15006297C,0,0.0161
15006297E,0,0.0161
15006299A,0,0.0161
1500635MTWP,0,0.0161
1500635SANDW3P,0,0.0161
1500635SCANALW,0,0.0161
1500915121P,0,0.0161
1504311203PO,0,0.0161
1504311205PO,0,0.0161
1504311207PO,0,0.0161
1504311212PO,0,0.0161
1505059AGRO4SP,0,0.0162
1505059BRIMHLSP,0,0.0161
1505059CATANSSP,0,0.0161
1505059CATASSP,0,0.0161
1505059F50SP,0,0.0161
1505059FUG14PS,0,0.0161
1505059FUG8SP,0,0.0161
1505059FUGT11SP,0,0.0161
1505059JAMESP,0,0.0161
1505059JENSEN,0,0.0309
1505059PALLA5SP,0,0.0161
1505059PALLA6SP,0,0.0161
1505059PET1SP,0,0.0161
1505059PET5SP,0,0.0161
1505059PETSSP,0,0.0161
1505059RICHRDSP,0,0.0178
1505059SACCOSP,0,0.0161
1505059SANTFSSP,0,0.0161
1505059SVS120FP,0,0.0537
1505059SVS80SP,0,0.0161
1500015PECK1SP,1,0.2158
15000321401A,0,0.0161
1500553132C,0,0.0161
150062471C,0,0.0161
150062910B,0,0.0161
150062910C,0,0.0161
15006293A,0,0.0161
15006297A,0,0.0161
15006297E,0,0.0161
15006297F,0,0.0161
1500635SANDW3P,0,0.0161
1500635SCANALW,0,0.0162
1505059COTWODSP,0,0.0260
1505059FUGT10SP,0,0.0161
1505059SVS120FP,0,0.0537
1500015PECK2SP,1,0.1203
15000321401A,0,0.0161
1500553132C,0,0.0161
150062471C,0,0.0161
150062910B,0,0.0161
150062910C,0,0.0161
15006293A,0,0.0161
15006297A,0,0.0161
15006297E,0,0.0161
15006297F,0,0.0161
1500635SANDW3P,0,0.0161
1500635SCANALW,0,0.0162
1505059COTWODSP,0,0.0260
1505059FUGT10SP,0,0.0161
1505059SVS120FP,0,0.0537
1500015SEC1B2SP,1,0.1203
1500027HERSHEY,0,0.0161
1500027KH1,0,0.0161
1500027S111,0,0.0161
1500027S14,0,0.0161
15000321401A,0,0.0161
1500553132A,0,0.0161
1500553132C,0,0.0161
1500553160PB1,0,0.0162
1500553162A,0,0.0161
1500553164P1,0,0.0161
1500553173,0,0.0161
150062471C,0,0.0161
150062910B,0,0.0161
150062910C,0,0.0161
15006293A,0,0.0161
15006297A,0,0.0161
15006297C,0,0.0161
15006297E,0,0.0161
15006297F,0,0.0161
15006299A,0,0.0161
1500635MTWP,0,0.0161
1500635SANDW3P,0,0.0161
1500635SCANALW,0,0.0161
1500915121P,0,0.1352
1504311203PO,0,0.0161
1504311205PO,0,0.0161
1504311207PO,0,0.0161
1504311212PO,0,0.0161
1504498ORANG80P,0,0.0177
15045481H,0,0.0161
1505059BRIMHLSP,0,0.0161
1505059COTWODSP,0,0.0161
1505059FUG14PS,0,0.0444
1505059FUG8SP,0,0.0464
1505059FUGT10SP,0,0.0161
1505059FUGT11SP,0,0.0161
1505059PALLA5SP,0,0.0161
1505059PALLA6SP,0,0.0161
1505059PET1SP,0,0.0161
1505059PET5SP,0,0.0161
1505059PETSSP,0,0.0161
1505059RICHRDSP,0,0.1262
1505059SACCOSP,0,0.0161
1505059SANTFSSP,0,0.0161
1505059SVS120FP,0,0.0537
1500015SEC1B3SP,1,0.1693
1500027HERSHEY,0,0.0161
1500027KH1,0,0.0161
1500027S111,0,0.0161
1500027S14,0,0.0161
15000321401A,0,0.0161
1500553132A,0,0.0161
1500553132C,0,0.0161
1500553160PB1,0,0.0162
1500553162A,0,0.0161
1500553164P1,0,0.0161
1500553173,0,0.0161
150062471C,0,0.0161
150062910B,0,0.0161
150062910C,0,0.0161
15006293A,0,0.0161
15006297A,0,0.0161
15006297C,0,0.0161
15006297E,0,0.0161
15006297F,0,0.0161
15006299A,0,0.0161
1500635MTWP,0,0.0161
1500635SANDW3P,0,0.0161
1500635SCANALW,0,0.0161
1500915121P,0,0.1352
1504311203PO,0,0.0161
1504311205PO,0,0.0161
1504311207PO,0,0.0161
1504311212PO,0,0.0161
1504498ORANG80P,0,0.0177
15045481H,0,0.0161
1505059BRIMHLSP,0,0.0161
1505059COTWODSP,0,0.0161
1505059FUG14PS,0,0.0444
1505059FUG8SP,0,0.0464
1505059FUGT10SP,0,0.0161
1505059FUGT11SP,0,0.0161
1505059PALLA5SP,0,0.0161
1505059PALLA6SP,0,0.0161
1505059PET1SP,0,0.0161
1505059PET5SP,0,0.0161
1505059PETSSP,0,0.0161
1505059RICHRDSP,0,0.1262
1505059SACCOSP,0,0.0161
1505059SANTFSSP,0,0.0161
1505059SVS120FP,0,0.0537
1500555332,1,0.1684
150062471C,0,0.0161
15006293A,0,0.0165
15006297F,0,0.0161
1500635RIDIANWP,0,0.0161
1500635SANDW3P,0,0.0165
1505059SVS120FP,0,0.0537
1500635BV112SP,1,0.1684
1500027HERSHEY,0,0.0161
1500027S14,0,0.0357
15000321401A,0,0.0161
1500553132A,0,0.0161
1500553132C,0,0.0161
1500553164P1,0,0.0182
1500553173,0,0.0161
150062471C,0,0.0161
150062910B,0,0.0161
150062910C,0,0.0161
15006293A,0,0.0161
15006297A,0,0.0161
15006297C,0,0.0209
15006297E,0,0.0161
15006297F,0,0.0161
15006299A,0,0.0162
1500635HAMEP,0,0.0161
1500635MTWP,0,0.0161
1500635SANDW3P,0,0.0161
1500635SCANALW,0,0.0161
1500635WERN2P,0,0.1381
15022770621SP,0,0.0161
15022770721SP,0,0.0161
1504311203PO,0,0.0161
1504311205PO,0,0.0161
1504311207PO,0,0.0161
1504311212PO,0,0.0161
15045481H,0,0.0161
1505059COTWODSP,0,0.0161
1505059FUGT10SP,0,0.0161
1505059PALLA5SP,0,0.0161
1505059PALLA6SP,0,0.1044
1505059SVS120FP,0,0.0537
1505124ED23A,0,0.0161
1500635BV142P,1,0.1684
1500027HERSHEY,0,0.0161
1500027S14,0,0.0357
15000321401A,0,0.0161
1500553132A,0,0.0161
1500553132C,0,0.0161
1500553164P1,0,0.0182
1500553173,0,0.0161
150062471C,0,0.0161
150062910B,0,0.0161
150062910C,0,0.0161
15006293A,0,0.0161
15006297A,0,0.0161
15006297C,0,0.0209
15006297E,0,0.0161
15006297F,0,0.0161
15006299A,0,0.0162
1500635HAMEP,0,0.0161
1500635MTWP,0,0.0161
1500635SANDW3P,0,0.0161
1500635SCANALW,0,0.0161
1500635WERN2P,0,0.1381
15022770621SP,0,0.0161
15022770721SP,0,0.0161
1504311203PO,0,0.0161
1504311205PO,0,0.0161
1504311207PO,0,0.0161
1504311212PO,0,0.0161
15045481H,0,0.0161
1505059COTWODSP,0,0.0161
1505059FUGT10SP,0,0.0161
1505059PALLA5SP,0,0.0161
1505059PALLA6SP,0,0.1044
1505059SVS120FP,0,0.0537
1505124ED23A,0,0.0161
1500635NCANALP,1,0.0537
1500027HERSHEY,0,0.0161
1500027KH1,0,0.0161
1500027S111,0,0.0161
1500027S14,0,0.0161
15000321401A,0,0.0161
1500553132A,0,0.0161
1500553132C,0,0.0161
1500553160PB1,0,0.0164
1500553162A,0,0.0161
1500553164P1,0,0.0161
1500553173,0,0.0161
150062471C,0,0.0161
150062910B,0,0.0161
150062910C,0,0.0161
15006293A,0,0.0161
15006297A,0,0.0161
15006297C,0,0.0161
15006297E,0,0.0161
15006297F,0,0.0161
15006299A,0,0.0161
1500635MTWP,0,0.0161
1500635SANDW3P,0,0.0161
1500635SCANALW,0,0.0161
1500915121P,0,0.1379
1504311203PO,0,0.0161
1504311205PO,0,0.0161
1504311207PO,0,0.0161
1504311212PO,0,0.0161
1504498ORANG80P,0,0.0162
1505059BRIMHLSP,0,0.0161
1505059COTWODSP,0,0.0161
1505059FUG14PS,0,0.1040
1505059FUG8SP,0,0.2039
1505059FUGT10SP,0,0.0161
1505059FUGT11SP,0,0.0161
1505059PALLA5SP,0,0.0161
1505059PALLA6SP,0,0.0161
1505059PET1SP,0,0.0161
1505059PET5SP,0,0.0161
1505059PETSSP,0,0.0161
1505059RICHRDSP,0,0.0357
1505059SACCOSP,0,0.0161
1505059SANTFSSP,0,0.0161
1505059SVS120FP,0,0.0537
1500635PECK3P,1,0.1683
1500027HERSHEY,0,0.0161
1500027KH1,0,0.0161
1500027S111,0,0.0161
1500027S115,0,0.0161
1500027S14,0,0.0161
1500027S14B,0,0.0969
15000321401A,0,0.0161
1500032401,0,0.0161
1500553132A,0,0.0161
1500553132C,0,0.0161
1500553160PB1,0,0.0161
1500553162A,0,0.0161
1500553164P1,0,0.0161
1500553173,0,0.0161
150062471C,0,0.0161
150062910B,0,0.0161
150062910C,0,0.0161
15006297A,0,0.0161
15006297C,0,0.0161
15006297E,0,0.0161
15006299A,0,0.0161
1500635MTWP,0,0.0161
1500635SANDW3P,0,0.0161
1500635SCANALW,0,0.0161
1500915121P,0,0.0161
1504311203PO,0,0.0161
1504311205PO,0,0.0161
1504311207PO,0,0.0161
1504311212PO,0,0.0161
1505059AGRO4SP,0,0.0162
1505059BRIMHLSP,0,0.0161
1505059CATANSSP,0,0.0161
1505059CATASSP,0,0.0161
1505059F50SP,0,0.0161
1505059FUG14PS,0,0.0161
1505059FUG8SP,0,0.0161
1505059FUGT11SP,0,0.0161
1505059JAMESP,0,0.0161
1505059JENSEN,0,0.0309
1505059PALLA5SP,0,0.0161
1505059PALLA6SP,0,0.0161
1505059PET1SP,0,0.0161
1505059PET5SP,0,0.0161
1505059PETSSP,0,0.0161
1505059RICHRDSP,0,0.0178
1505059SACCOSP,0,0.0161
1505059SANTFSSP,0,0.0161
1505059SVS120FP,0,0.0537
1505059SVS80SP,0,0.0161
1500635PECK4P,1,0.1687
1500027HERSHEY,0,0.0161
1500027KH1,0,0.0161
1500027S111,0,0.0161
1500027S115,0,0.0161
1500027S14,0,0.0161
1500027S14B,0,0.0969
15000321401A,0,0.0161
1500032401,0,0.0161
1500553132A,0,0.0161
1500553132C,0,0.0161
1500553160PB1,0,0.0161
1500553162A,0,0.0161
1500553164P1,0,0.0161
1500553173,0,0.0161
150062471C,0,0.0161
150062910B,0,0.0161
150062910C,0,0.0161
15006297A,0,0.0161
15006297C,0,0.0161
15006297E,0,0.0161
15006299A,0,0.0161
1500635MTWP,0,0.0161
1500635SANDW3P,0,0.0161
1500635SCANALW,0,0.0161
1500915121P,0,0.0161
1504311203PO,0,0.0161
1504311205PO,0,0.0161
1504311207PO,0,0.0161
1504311212PO,0,0.0161
1505059AGRO4SP,0,0.0162
1505059BRIMHLSP,0,0.0161
1505059CATANSSP,0,0.0161
1505059CATASSP,0,0.0161
1505059F50SP,0,0.0161
1505059FUG14PS,0,0.0161
1505059FUG8SP,0,0.0161
1505059FUGT11SP,0,0.0161
1505059JAMESP,0,0.0161
1505059JENSEN,0,0.0309
1505059PALLA5SP,0,0.0161
1505059PALLA6SP,0,0.0161
1505059PET1SP,0,0.0161
1505059PET5SP,0,0.0161
1505059PETSSP,0,0.0161
1505059RICHRDSP,0,0.0178
1505059SACCOSP,0,0.0161
1505059SANTFSSP,0,0.0161
1505059SVS120FP,0,0.0537
1505059SVS80SP,0,0.0161
1500635SAND3P,1,0.2142
15000321401A,0,0.0161
1500553132C,0,0.0161
150062471C,0,0.0161
150062910B,0,0.0161
150062910C,0,0.0161
15006293A,0,0.0161
15006297A,0,0.0161
15006297E,0,0.0161
15006297F,0,0.0161
1500635SANDW3P,0,0.0161
1500635SCANALW,0,0.0162
1505059COTWODSP,0,0.0260
1505059FUGT10SP,0,0.0161
1505059SVS120FP,0,0.0537
1500635SAND4P,1,0.1885
15000321401A,0,0.0161
1500553132C,0,0.0161
150062471C,0,0.0161
150062910B,0,0.0161
150062910C,0,0.0161
15006293A,0,0.0161
15006297A,0,0.0161
15006297E,0,0.0161
15006297F,0,0.0161
1500635SANDW3P,0,0.0161
1500635SCANALW,0,0.0162
1505059COTWODSP,0,0.0260
1505059FUGT10SP,0,0.0161
1505059SVS120FP,0,0.0537
1500635SAND6P,1,0.1812
15000321401A,0,0.0161
1500553132C,0,0.0161
150062471C,0,0.0161
150062910B,0,0.0161
150062910C,0,0.0161
15006293A,0,0.0161
15006297A,0,0.0161
15006297E,0,0.0161
15006297F,0,0.0161
1500635SANDW3P,0,0.0161
1500635SCANALW,0,0.0162
1505059COTWODSP,0,0.0260
1505059FUGT10SP,0,0.0161
1505059SVS120FP,0,0.0537
1500635SANDW3PP,1,0.1637
15000321401A,0,0.0161
150062471C,0,0.0161
15006293A,0,0.0161
15006297A,0,0.0161
15006297E,0,0.0161
15006297F,0,0.0161
1500635GRIMCP,0,0.0239
1500635SANDW3P,0,0.0161
1505059COTWODSP,0,0.0161
1505059SVS120FP,0,0.0537
1500635SLINP,1,0.2130
1500027HERSHEY,0,0.0161
1500027KH1,0,0.0161
1500027S111,0,0.0161
1500027S14,0,0.0161
15000321401A,0,0.0161
1500553132A,0,0.0161
1500553132C,0,0.0161
1500553160PB1,0,0.0161
1500553162A,0,0.0161
1500553164P1,0,0.0161
1500553173,0,0.0161
150062471C,0,0.0161
150062910B,0,0.0161
150062910C,0,0.0161
15006293A,0,0.0161
15006297A,0,0.0161
15006297C,0,0.0161
15006297E,0,0.0161
15006297F,0,0.0161
15006299A,0,0.0161
1500635MTWP,0,0.0161
1500635SANDW3P,0,0.0161
1500635SCANALW,0,0.0161
1500635WERN3P,0,0.0161
1500915121P,0,0.1373
1504311203PO,0,0.0161
1504311205PO,0,0.0161
1504311207PO,0,0.0161
1504311212PO,0,0.0161
1504498ORANG80P,0,0.0161
1505059BRIMHLSP,0,0.0161
1505059COTWODSP,0,0.0161
1505059FUG14PS,0,0.0238
1505059FUG8SP,0,0.0311
1505059FUGT10SP,0,0.0161
1505059FUGT11SP,0,0.0161
1505059PALLA5SP,0,0.0161
1505059PALLA6SP,0,0.0161
1505059PET1SP,0,0.0161
1505059PET5SP,0,0.0161
1505059PETSSP,0,0.0161
1505059RICHRDSP,0,0.0994
1505059SACCOSP,0,0.0161
1505059SANTFSSP,0,0.0161
1505059SVS120FP,0,0.0537
1500915123WP,1,0.2153
1500027HERSHEY,0,0.0161
1500027KH1,0,0.0161
1500027S111,0,0.0161
1500027S14,0,0.0161
15000321401A,0,0.0161
1500553132A,0,0.0161
1500553132C,0,0.0161
1500553160PB1,0,0.0164
1500553162A,0,0.0161
1500553164P1,0,0.0161
1500553173,0,0.0161
150062471C,0,0.0161
150062910B,0,0.0161
150062910C,0,0.0161
15006293A,0,0.0161
15006297A,0,0.0161
15006297C,0,0.0161
15006297E,0,0.0161
15006297F,0,0.0161
15006299A,0,0.0161
1500635MTWP,0,0.0161
1500635SANDW3P,0,0.0161
1500635SCANALW,0,0.0161
1500915121P,0,0.1379
1504311203PO,0,0.0161
1504311205PO,0,0.0161
1504311207PO,0,0.0161
1504311212PO,0,0.0161
1504498ORANG80P,0,0.0162
1505059BRIMHLSP,0,0.0161
1505059COTWODSP,0,0.0161
1505059FUG14PS,0,0.1040
1505059FUG8SP,0,0.2039
1505059FUGT10SP,0,0.0161
1505059FUGT11SP,0,0.0161
1505059PALLA5SP,0,0.0161
1505059PALLA6SP,0,0.0161
1505059PET1SP,0,0.0161
1505059PET5SP,0,0.0161
1505059PETSSP,0,0.0161
1505059RICHRDSP,0,0.0357
1505059SACCOSP,0,0.0161
1505059SANTFSSP,0,0.0161
1505059SVS120FP,0,0.0537
15022770121SP,1,0.1203
1500027HERSHEY,0,0.0161
1500027KH1,0,0.0161
1500027S111,0,0.0161
1500027S14,0,0.0161
15000321401A,0,0.0161
1500553132A,0,0.0161
1500553132C,0,0.0161
1500553160PB1,0,0.0161
1500553162A,0,0.0161
1500553164P1,0,0.0161
1500553173,0,0.0161
150062471C,0,0.0161
150062910B,0,0.0161
150062910C,0,0.0161
15006293A,0,0.0161
15006297A,0,0.0161
15006297C,0,0.0161
15006297E,0,0.0161
15006297F,0,0.0161
15006299A,0,0.0161
1500635MTWP,0,0.0161
1500635SANDW3P,0,0.0161
1500635SCANALW,0,0.0161
1500635WERN3P,0,0.0161
1500915121P,0,0.1373
1504311203PO,0,0.0161
1504311205PO,0,0.0161
1504311207PO,0,0.0161
1504311212PO,0,0.0161
1504498ORANG80P,0,0.0161
1505059BRIMHLSP,0,0.0161
1505059COTWODSP,0,0.0161
1505059FUG14PS,0,0.0238
1505059FUG8SP,0,0.0311
1505059FUGT10SP,0,0.0161
1505059FUGT11SP,0,0.0161
1505059PALLA5SP,0,0.0161
1505059PALLA6SP,0,0.0161
1505059PET1SP,0,0.0161
1505059PET5SP,0,0.0161
1505059PETSSP,0,0.0161
1505059RICHRDSP,0,0.0994
1505059SACCOSP,0,0.0161
1505059SANTFSSP,0,0.0161
1505059SVS120FP,0,0.0537
15022770221SP,1,0.2122
1500027HERSHEY,0,0.0161
1500027KH1,0,0.0161
1500027S111,0,0.0161
1500027S14,0,0.0161
15000321401A,0,0.0161
1500553132A,0,0.0161
1500553132C,0,0.0161
1500553160PB1,0,0.0164
1500553162A,0,0.0161
1500553164P1,0,0.0161
1500553173,0,0.0161
150062471C,0,0.0161
150062910B,0,0.0161
150062910C,0,0.0161
15006293A,0,0.0161
15006297A,0,0.0161
15006297C,0,0.0161
15006297E,0,0.0161
15006297F,0,0.0161
15006299A,0,0.0161
1500635DUDANP,0,0.0161
1500635MTWP,0,0.0161
1500635SANDW3P,0,0.0161
1500635SCANALW,0,0.0161
1500915121P,0,0.1366
1504311203PO,0,0.0161
1504311205PO,0,0.0161
1504311207PO,0,0.0161
1504311212PO,0,0.0161
1504498DUFFWP,0,0.0162
1504498ORANG80P,0,0.0161
1504498SDSP,0,0.0180
1505059BRIMHLSP,0,0.0161
1505059COTWODSP,0,0.0161
1505059FUG14PS,0,0.0161
1505059FUG8SP,0,0.0322
1505059FUGT10SP,0,0.0161
1505059FUGT11SP,0,0.0161
1505059PALLA5SP,0,0.0161
1505059PALLA6SP,0,0.0165
1505059PET1SP,0,0.0161
1505059PET5SP,0,0.0161
1505059PETSSP,0,0.0161
1505059RICHRDSP,0,0.1255
1505059SACCOSP,0,0.0161
1505059SANTFSSP,0,0.0161
1505059SVS120FP,0,0.0537
15022772821SP,1,0.0537
15000321401A,0,0.0161
1500553132A,0,0.0161
1500553132C,0,0.0161
150062471C,0,0.0161
150062910B,0,0.0161
150062910C,0,0.0165
15006293A,0,0.0161
15006297A,0,0.0161
15006297E,0,0.0161
15006297F,0,0.0161
1500635SABOP,0,0.0421
1500635SANDW3P,0,0.0161
1500635SCANALW,0,0.0161
1504311203PO,0,0.0244
1505059COTWODSP,0,0.0166
1505059FUGT10SP,0,0.0161
1505059SVS120FP,0,0.0537
1505124ED23A,0,0.0161
1504548PPF,1,0.1203
1500015DRYER1FP,0,0.0163
1500027HERSHEYS,0,0.0161
15022771821FP,0,0.0433
15022774721FP,0,0.0161
15022776021FP,0,0.0161
15022776821FP,0,0.0161
1505059PETR3FP,0,0.0161
1505124D17A,0,0.0161
1505124D17B,0,0.0161
1505059BOCKSP,1,0.2122
1500027HERSHEY,0,0.0161
1500027S14,0,0.0162
15000321401A,0,0.0161
1500553132A,0,0.0161
1500553132C,0,0.0161
1500553164P1,0,0.0161
1500553173,0,0.0161
150062471C,0,0.0161
150062910B,0,0.0161
150062910C,0,0.0161
15006293A,0,0.0161
15006297A,0,0.0161
15006297C,0,0.0161
15006297E,0,0.0161
15006297F,0,0.0161
15006299A,0,0.0161
1500635MTWP,0,0.0166
1500635SANDW3P,0,0.0161
1500635SCANALW,0,0.0161
15022770721SP,0,0.0161
1504311203PO,0,0.0161
1504311205PO,0,0.0161
1504311207PO,0,0.0161
1504311212PO,0,0.0292
15045481H,0,0.0161
1505059COTWODSP,0,0.0161
1505059FUGT10SP,0,0.0161
1505059PALLA5SP,0,0.0900
1505059PALLA6SP,0,0.0201
1505059PETSSP,0,0.0847
1505059SVS120FP,0,0.0537
1505059COULTRSP,1,0.1203
1500027HERSHEY,0,0.0161
1500027KH1,0,0.0161
1500027S111,0,0.0161
1500027S115,0,0.0161
1500027S14,0,0.0161
15000321401A,0,0.0161
1500553132A,0,0.0161
1500553132C,0,0.0161
1500553160PB1,0,0.0328
1500553162A,0,0.0161
1500553164P1,0,0.0161
1500553173,0,0.0161
150062471C,0,0.0161
150062910B,0,0.0161
150062910C,0,0.0161
15006293A,0,0.0161
15006297A,0,0.0161
15006297C,0,0.0161
15006297E,0,0.0161
15006297F,0,0.0161
15006299A,0,0.0161
1500635MTWP,0,0.0161
1500635SANDW3P,0,0.0161
1500635SCANALW,0,0.0161
1500915121P,0,0.0162
1504311203PO,0,0.0161
1504311205PO,0,0.0161
1504311207PO,0,0.0161
1504311212PO,0,0.0161
1504498DUFFWP,0,0.0162
1504498ORANG80P,0,0.0164
1504498SDSP,0,0.0161
1505059BRIMHLSP,0,0.0161
1505059COTWODSP,0,0.0161
1505059F50SP,0,0.0161
1505059FUG14PS,0,0.0161
1505059FUG8SP,0,0.0161
1505059FUGT10SP,0,0.0161
1505059FUGT11SP,0,0.0367
1505059JAMESP,0,0.0161
1505059JENSEN,0,0.0161
1505059PALLA5SP,0,0.0161
1505059PALLA6SP,0,0.0161
1505059PET1SP,0,0.0161
1505059PET5SP,0,0.0161
1505059PETSSP,0,0.0161
1505059RICHRDSP,0,0.0162
1505059SACCOSP,0,0.0161
1505059SANTFSSP,0,0.0161
1505059SVS120FP,0,0.0537
1505532SMB1,0,0.0161
1505059DELISSP,1,0.1685
1500027HERSHEY,0,0.0161
1500027KH1,0,0.0161
1500027S111,0,0.0161
1500027S14,0,0.0161
15000321401A,0,0.0161
1500553132A,0,0.0161
1500553132C,0,0.0161
1500553160PB1,0,0.0540
1500553162A,0,0.0161
1500553164P1,0,0.0161
1500553173,0,0.0161
150062471C,0,0.0161
150062910B,0,0.0161
150062910C,0,0.0161
15006293A,0,0.0161
15006297A,0,0.0161
15006297C,0,0.0161
15006297E,0,0.0161
15006297F,0,0.0161
15006299A,0,0.0161
1500635DUDANP,0,0.0885
1500635MTWP,0,0.0161
1500635SANDW3P,0,0.0161
1500635SCANALW,0,0.0161
1500915121P,0,0.0874
1504311203PO,0,0.0161
1504311205PO,0,0.0161
1504311207PO,0,0.0161
1504311212PO,0,0.0161
1504498DUFFWP,0,0.0375
1504498ORANG80P,0,0.0184
1504498SDSP,0,0.0162
1505059BRIMHLSP,0,0.0161
1505059COTWODSP,0,0.0161
1505059F50SP,0,0.0161
1505059FUG14PS,0,0.0430
1505059FUG8SP,0,0.0165
1505059FUGT10SP,0,0.0161
1505059FUGT11SP,0,0.0161
1505059JAMESP,0,0.0161
1505059PALLA5SP,0,0.0161
1505059PALLA6SP,0,0.0161
1505059PET1SP,0,0.0161
1505059PET5SP,0,0.0161
1505059PETSSP,0,0.0161
1505059RICHRDSP,0,0.0283
1505059SACCOSP,0,0.0161
1505059SANTFSSP,0,0.0161
1505059SVS120FP,0,0.0537
1505532SMB1,0,0.0161
1505059FUG14SP,1,0.1040
1500027HERSHEY,0,0.0161
1500027KH1,0,0.0161
1500027S111,0,0.0161
1500027S14,0,0.0161
15000321401A,0,0.0161
1500553132A,0,0.0161
1500553132C,0,0.0161
1500553160PB1,0,0.0164
1500553162A,0,0.0161
1500553164P1,0,0.0161
1500553173,0,0.0161
150062471C,0,0.0161
150062910B,0,0.0161
150062910C,0,0.0161
15006293A,0,0.0161
15006297A,0,0.0161
15006297C,0,0.0161
15006297E,0,0.0161
15006297F,0,0.0161
15006299A,0,0.0161
1500635MTWP,0,0.0161
1500635SANDW3P,0,0.0161
1500635SCANALW,0,0.0161
1500915121P,0,0.1379
1504311203PO,0,0.0161
1504311205PO,0,0.0161
1504311207PO,0,0.0161
1504311212PO,0,0.0161
1504498ORANG80P,0,0.0162
1505059BRIMHLSP,0,0.0161
1505059COTWODSP,0,0.0161
1505059FUG14PS,0,0.1040
1505059FUG8SP,0,0.2039
1505059FUGT10SP,0,0.0161
1505059FUGT11SP,0,0.0161
1505059PALLA5SP,0,0.0161
1505059PALLA6SP,0,0.0161
1505059PET1SP,0,0.0161
1505059PET5SP,0,0.0161
1505059PETSSP,0,0.0161
1505059RICHRDSP,0,0.0357
1505059SACCOSP,0,0.0161
1505059SANTFSSP,0,0.0161
1505059SVS120FP,0,0.0537
1505059FUGIT6SP,1,0.2423
1500027HERSHEY,0,0.0161
1500027S111,0,0.0282
1500027S14,0,0.0161
15000321401A,0,0.0161
1500553132A,0,0.0161
1500553132C,0,0.0161
1500553162A,0,0.0853
1500553164P1,0,0.0161
1500553173,0,0.0161
150062471C,0,0.0161
150062910B,0,0.0161
150062910C,0,0.0161
15006293A,0,0.0161
15006297A,0,0.0161
15006297C,0,0.0161
15006297E,0,0.0161
15006297F,0,0.0161
15006299A,0,0.0161
1500635FDLT75WP,0,0.0163
1500635MTWP,0,0.0161
1500635SANDW3P,0,0.0161
1500635SCANALW,0,0.0161
1500915121P,0,0.0161
1504311203PO,0,0.0161
1504311205PO,0,0.0161
1504311207PO,0,0.0161
1504311212PO,0,0.0176
15045481H,0,0.0161
1505059COTWODSP,0,0.0161
1505059FUG8SP,0,0.0161
1505059FUGT10SP,0,0.0161
1505059PALLA5SP,0,0.0162
1505059PALLA6SP,0,0.0161
1505059PET1SP,0,0.0161
1505059PETSSP,0,0.0162
1505059RICHRDSP,0,0.0161
1505059SVS120FP,0,0.0537
1505059FUGIT7SP,1,0.2312
1500027HERSHEY,0,0.0161
1500027S111,0,0.0282
1500027S14,0,0.0161
15000321401A,0,0.0161
1500553132A,0,0.0161
1500553132C,0,0.0161
1500553162A,0,0.0853
1500553164P1,0,0.0161
1500553173,0,0.0161
150062471C,0,0.0161
150062910B,0,0.0161
150062910C,0,0.0161
15006293A,0,0.0161
15006297A,0,0.0161
15006297C,0,0.0161
15006297E,0,0.0161
15006297F,0,0.0161
15006299A,0,0.0161
1500635FDLT75WP,0,0.0163
1500635MTWP,0,0.0161
1500635SANDW3P,0,0.0161
1500635SCANALW,0,0.0161
1500915121P,0,0.0161
1504311203PO,0,0.0161
1504311205PO,0,0.0161
1504311207PO,0,0.0161
1504311212PO,0,0.0176
15045481H,0,0.0161
1505059COTWODSP,0,0.0161
1505059FUG8SP,0,0.0161
1505059FUGT10SP,0,0.0161
1505059PALLA5SP,0,0.0162
1505059PALLA6SP,0,0.0161
1505059PET1SP,0,0.0161
1505059PETSSP,0,0.0162
1505059RICHRDSP,0,0.0161
1505059SVS120FP,0,0.0537
1505059FUGIT8SP,1,0.2039
1500027HERSHEY,0,0.0161
1500027KH1,0,0.0161
1500027S111,0,0.0161
1500027S14,0,0.0161
15000321401A,0,0.0161
1500553132A,0,0.0161
1500553132C,0,0.0161
1500553160PB1,0,0.0164
1500553162A,0,0.0161
1500553164P1,0,0.0161
1500553173,0,0.0161
150062471C,0,0.0161
150062910B,0,0.0161
150062910C,0,0.0161
15006293A,0,0.0161
15006297A,0,0.0161
15006297C,0,0.0161
15006297E,0,0.0161
15006297F,0,0.0161
15006299A,0,0.0161
1500635MTWP,0,0.0161
1500635SANDW3P,0,0.0161
1500635SCANALW,0,0.0161
1500915121P,0,0.1379
1504311203PO,0,0.0161
1504311205PO,0,0.0161
1504311207PO,0,0.0161
1504311212PO,0,0.0161
1504498ORANG80P,0,0.0162
1505059BRIMHLSP,0,0.0161
1505059COTWODSP,0,0.0161
1505059FUG14PS,0,0.1040
1505059FUG8SP,0,0.2039
1505059FUGT10SP,0,0.0161
1505059FUGT11SP,0,0.0161
1505059PALLA5SP,0,0.0161
1505059PALLA6SP,0,0.0161
1505059PET1SP,0,0.0161
1505059PET5SP,0,0.0161
1505059PETSSP,0,0.0161
1505059RICHRDSP,0,0.0357
1505059SACCOSP,0,0.0161
1505059SANTFSSP,0,0.0161
1505059SVS120FP,0,0.0537
1505059FUGIT9SP,1,0.2247
1500027HERSHEY,0,0.0161
1500027KH1,0,0.0161
1500027S111,0,0.0161
1500027S115,0,0.0161
1500027S14,0,0.0161
15000321401A,0,0.0161
1500553132A,0,0.0161
1500553132C,0,0.0161
1500553160PB1,0,0.0328
1500553162A,0,0.0161
1500553164P1,0,0.0161
1500553173,0,0.0161
150062471C,0,0.0161
150062910B,0,0.0161
150062910C,0,0.0161
15006293A,0,0.0161
15006297A,0,0.0161
15006297C,0,0.0161
15006297E,0,0.0161
15006297F,0,0.0161
15006299A,0,0.0161
1500635MTWP,0,0.0161
1500635SANDW3P,0,0.0161
1500635SCANALW,0,0.0161
1500915121P,0,0.0162
1504311203PO,0,0.0161
1504311205PO,0,0.0161
1504311207PO,0,0.0161
1504311212PO,0,0.0161
1504498DUFFWP,0,0.0162
1504498ORANG80P,0,0.0164
1504498SDSP,0,0.0161
1505059BRIMHLSP,0,0.0161
1505059COTWODSP,0,0.0161
1505059F50SP,0,0.0161
1505059FUG14PS,0,0.0161
1505059FUG8SP,0,0.0161
1505059FUGT10SP,0,0.0161
1505059FUGT11SP,0,0.0367
1505059JAMESP,0,0.0161
1505059JENSEN,0,0.0161
1505059PALLA5SP,0,0.0161
1505059PALLA6SP,0,0.0161
1505059PET1SP,0,0.0161
1505059PET5SP,0,0.0161
1505059PETSSP,0,0.0161
1505059RICHRDSP,0,0.0162
1505059SACCOSP,0,0.0161
1505059SANTFSSP,0,0.0161
1505059SVS120FP,0,0.0537
1505532SMB1,0,0.0161
1505059SANTFNSP,1,0.1689
15000321401A,0,0.0161
1500553132A,0,0.0161
1500553132C,0,0.0161
150062471C,0,0.0161
150062910B,0,0.0161
150062910C,0,0.0162
15006293A,0,0.0161
15006297A,0,0.0161
15006297E,0,0.0161
15006297F,0,0.0161
1500635SABOP,0,0.0161
1500635SANDW3P,0,0.0161
1500635SCANALW,0,0.0161
1504311203PO,0,0.0167
1504311205PO,0,0.0161
1504311207PO,0,0.0161
1505059COTWODSP,0,0.0164
1505059FUGT10SP,0,0.0161
1505059SVS120FP,0,0.0537
1505124ED23A,0,0.0161
1505059URFRIGSP,1,0.1684
1500027HERSHEY,0,0.0161
1500027KH1,0,0.0161
1500027S111,0,0.0161
1500027S14,0,0.0161
15000321401A,0,0.0161
1500553132A,0,0.0161
1500553132C,0,0.0161
1500553160PB1,0,0.0540
1500553162A,0,0.0161
1500553164P1,0,0.0161
1500553173,0,0.0161
150062471C,0,0.0161
150062910B,0,0.0161
150062910C,0,0.0161
15006293A,0,0.0161
15006297A,0,0.0161
15006297C,0,0.0161
15006297E,0,0.0161
15006297F,0,0.0161
15006299A,0,0.0161
1500635DUDANP,0,0.0885
1500635MTWP,0,0.0161
1500635SANDW3P,0,0.0161
1500635SCANALW,0,0.0161
1500915121P,0,0.0874
1504311203PO,0,0.0161
1504311205PO,0,0.0161
1504311207PO,0,0.0161
1504311212PO,0,0.0161
1504498DUFFWP,0,0.0375
1504498ORANG80P,0,0.0184
1504498SDSP,0,0.0162
1505059BRIMHLSP,0,0.0161
1505059COTWODSP,0,0.0161
1505059F50SP,0,0.0161
1505059FUG14PS,0,0.0430
1505059FUG8SP,0,0.0165
1505059FUGT10SP,0,0.0161
1505059FUGT11SP,0,0.0161
1505059JAMESP,0,0.0161
1505059PALLA5SP,0,0.0161
1505059PALLA6SP,0,0.0161
1505059PET1SP,0,0.0161
1505059PET5SP,0,0.0161
1505059PETSSP,0,0.0161
1505059RICHRDSP,0,0.0283
1505059SACCOSP,0,0.0161
1505059SANTFSSP,0,0.0161
1505059SVS120FP,0,0.0537
1505532SMB1,0,0.0161
1505059WID12ASP,1,0.1220
15000321401A,0,0.0161
1500553132A,0,0.0161
1500553132C,0,0.0161
150062471C,0,0.0161
150062910B,0,0.0161
150062910C,0,0.0161
15006293A,0,0.0161
15006297A,0,0.0161
15006297C,0,0.0350
15006297E,0,0.0161
15006297F,0,0.0161
15006299A,0,0.0161
1500635HAMEP,0,0.0161
1500635MTWP,0,0.0161
1500635SANDW3P,0,0.0161
1500635SCANALW,0,0.0161
15022770621SP,0,0.0161
15022770721SP,0,0.0161
1504311203PO,0,0.0161
1504311205PO,0,0.0161
1504311207PO,0,0.0161
1504311212PO,0,0.0161
15045481H,0,0.0162
15046772PS21,0,0.0161
1505059COTWODSP,0,0.0161
1505059FUGT10SP,0,0.0161
1505059PALLA6SP,0,0.0161
1505059SVS120FP,0,0.0537
1505124ED23A,0,0.0162
1505059WID1ASP,1,0.2369
15000321401A,0,0.0161
1500553132A,0,0.0161
1500553132C,0,0.0161
150062471C,0,0.0161
150062910B,0,0.0161
150062910C,0,0.0161
15006293A,0,0.0161
15006297A,0,0.0161
15006297C,0,0.0350
15006297E,0,0.0161
15006297F,0,0.0161
15006299A,0,0.0161
1500635HAMEP,0,0.0161
1500635MTWP,0,0.0161
1500635SANDW3P,0,0.0161
1500635SCANALW,0,0.0161
15022770621SP,0,0.0161
15022770721SP,0,0.0161
1504311203PO,0,0.0161
1504311205PO,0,0.0161
1504311207PO,0,0.0161
1504311212PO,0,0.0161
15045481H,0,0.0162
15046772PS21,0,0.0161
1505059COTWODSP,0,0.0161
1505059FUGT10SP,0,0.0161
1505059PALLA6SP,0,0.0161
1505059SVS120FP,0,0.0537
1505124ED23A,0,0.0162
1500015BERRY1SP,1,0.0537
1500015BERRY2SP,1,0.0537
1500015SC10B3SP,1,0.0537
1500015SC10B4SP,1,0.0537
1500555331SP,1,0.0537
1505059MR12PS,1,0.0537
1505059URFRIGSP,1,0.0537
150553219B,1,0.0537
150553229G,1,0.0537
150001535SP,1,0.0537
1500015SCONESP,1,0.0537
1500015SEC1B2SP,1,0.0537
