PMT_SITE,p_treated_max,p_treated_mean,n_windows,any_treated
150000721121POS,0.9514,0.9514,1,1
150000727011POS,0.9792,0.9792,1,1
150000727090POS,0.9778,0.9778,1,1
150000733040POS,0.9514,0.9514,1,1
150001535SP,0.9688,0.9688,1,1
1500015BERRY1SP,1.0000,0.9844,2,1
1500015BERRY2SP,1.0000,0.9594,2,1
1500015DRYER1FP,0.3199,0.2016,2,0
1500015DRYERFP,0.8403,0.8403,1,1
1500015HILL1FP,0.8458,0.4562,2,1
1500015HILLFP1,0.8076,0.8076,1,1
1500015OLDLINSP,1.0000,1.0000,1,1
1500015PECK1SP,1.0000,1.0000,1,1
1500015PECK2SP,0.9792,0.9792,1,1
1500015PECK3SP,0.9792,0.9792,1,1
1500015SC10B1SP,0.8988,0.8988,1,1
1500015SC10B3SP,0.9792,0.9792,1,1
1500015SC10B4SP,1.0000,1.0000,1,1
1500015SEC1B2SP,1.0000,1.0000,1,1
1500015SEC1B3SP,1.0000,1.0000,1,1
1500015SEC1B4SP,1.0000,1.0000,1,1
1500015SKONSP,0.8947,0.8947,1,1
1500015SWC1B1SP,0.9609,0.9609,1,1
1500027CLARE2,0.6979,0.6979,1,1
1500027HERSHEY,0.1667,0.1667,1,0
1500027HERSHEYS,0.2807,0.2807,1,0
1500027K2F,0.2692,0.2692,1,0
1500027KH1,0.9246,0.9246,1,1
1500027S111,0.8988,0.5605,2,1
1500027S115,0.8076,0.5003,2,1
1500027S14,0.3111,0.3111,1,0
1500027S14B,0.7903,0.4285,2,1
1500027STOLL,0.2924,0.2924,1,0
1500027SUNSET,0.1930,0.1930,1,0
15000321200,0.9524,0.4762,2,1
15000321200A,0.0667,0.0667,1,0
15000321401,0.1111,0.1111,1,0
15000321401A,0.2000,0.2000,1,0
1500032401,0.8924,0.8924,1,1
1500032402,0.9514,0.9514,1,1
1500032405A,0.0000,0.0000,1,0
1500032405B,0.0000,0.0000,1,0
1500032415,0.9188,0.9188,1,1
1500032805,0.9688,0.9444,2,1
1500032915,0.7903,0.7903,1,1
1500032915A,0.0000,0.0000,1,0
1500032915AA,0.0000,0.0000,1,0
1500032950,0.9479,0.7932,2,1
1500032950A,0.0000,0.0000,1,0
1500032950B,0.0000,0.0000,1,0
15005301PO,0.7743,0.7743,1,1
15005302PO,0.9792,0.9792,1,1
1500553132A,0.9688,0.5809,2,1
1500553132C,0.1042,0.1042,1,0
1500553160PB1,0.9877,0.9539,2,1
1500553162,0.9479,0.9479,1,1
1500553162A,0.9479,0.9479,1,1
1500553163,1.0000,1.0000,1,1
1500553163A,1.0000,1.0000,1,1
1500553163P1,0.9479,0.9479,1,1
1500553164P1,1.0000,1.0000,1,1
1500553164PA,0.9792,0.9792,1,1
1500553171,1.0000,1.0000,1,1
1500553173,0.7743,0.7743,1,1
1500555331P,0.9792,0.9792,1,1
1500555332,1.0000,1.0000,1,1
150062471C,0.1930,0.1930,1,0
150062910A,0.9222,0.3421,3,1
150062910B,0.9479,0.9479,1,1
150062910C,0.9792,0.9792,1,1
150062915A,0.9792,0.9792,1,1
150062915B,0.9792,0.9792,1,1
150062915D,0.9201,0.9201,1,1
15006291A,0.1111,0.1076,2,0
15006293A,0.9444,0.9444,1,1
15006294B,1.0000,1.0000,1,1
15006295B,0.9792,0.9792,1,1
15006296C,1.0000,1.0000,1,1
15006296D,1.0000,1.0000,1,1
15006297A,0.9500,0.9500,1,1
15006297C,1.0000,1.0000,1,1
15006297E,0.9236,0.9236,1,1
15006297E1,0.1042,0.1042,1,0
15006297F,1.0000,1.0000,1,1
15006299A,1.0000,1.0000,1,1
15006299B,0.9722,0.9722,1,1
1500635APPLEP,1.0000,1.0000,1,1
1500635BPECKEP,0.9792,0.9792,1,1
1500635BPECKWP,1.0000,1.0000,1,1
1500635BV104P,0.9905,0.9905,1,1
1500635BV112SP,1.0000,1.0000,1,1
1500635BV113P,1.0000,1.0000,1,1
1500635BV114P,0.9792,0.9792,1,1
1500635BV133P,1.0000,1.0000,1,1
1500635BV141P,1.0000,1.0000,1,1
1500635BV142P,1.0000,1.0000,1,1
1500635BV143P,1.0000,1.0000,1,1
1500635BV144P,0.9722,0.9722,1,1
1500635DUDANP,1.0000,0.9594,2,1
1500635DUDASP,1.0000,1.0000,1,1
1500635FDLT35P,0.9792,0.8934,2,1
1500635FDLT3SP,0.1042,0.1042,1,0
1500635FDLT75EP,1.0000,1.0000,1,1
1500635FDLT75WP,1.0000,1.0000,1,1
1500635GRIMCP,1.0000,0.9073,2,1
1500635HAM35P,1.0000,0.9750,2,1
1500635HAMEP,0.9265,0.9265,1,1
1500635HAMWEP,0.9051,0.9051,1,1
1500635HAMWWP,0.9792,0.9792,1,1
1500635JOHNNYP,1.0000,1.0000,1,1
1500635MALAGAP,1.0000,1.0000,1,1
1500635MTWP,1.0000,0.9889,2,1
1500635NCANALP,1.0000,1.0000,1,1
1500635NLINP,1.0000,0.9896,2,1
1500635PEACH55P,1.0000,1.0000,1,1
1500635PEACH75P,1.0000,1.0000,1,1
1500635PECK1P,0.9514,0.9514,1,1
1500635PECK2P,0.9792,0.9792,1,1
1500635PECK3P,1.0000,1.0000,1,1
1500635PECK4P,1.0000,1.0000,1,1
1500635RIDIANEP,0.8924,0.8924,1,1
1500635RIDIANWP,1.0000,0.9623,2,1
1500635SABOP,1.0000,1.0000,1,1
1500635SAND1P,0.9792,0.9097,2,1
1500635SAND2P,0.9792,0.8646,2,1
1500635SAND3P,1.0000,1.0000,1,1
1500635SAND4P,1.0000,0.9757,2,1
1500635SAND5P,1.0000,1.0000,1,1
1500635SAND6P,0.9500,0.9500,1,1
1500635SAND7P,0.9265,0.9265,1,1
1500635SAND8P,1.0000,1.0000,1,1
1500635SANDW1P,1.0000,0.9601,2,1
1500635SANDW2P,1.0000,0.8646,2,1
1500635SANDW3P,1.0000,0.6510,2,1
1500635SANDW3PP,0.9514,0.9514,1,1
1500635SANDW4P,0.9236,0.9236,1,1
1500635SANDW5P,0.9201,0.9201,1,1
1500635SCANALW,0.3021,0.3021,1,0
1500635SHOPNP,0.9201,0.9201,1,1
1500635SHOPWP,0.9792,0.9792,1,1
1500635SLINP,1.0000,1.0000,1,1
1500635STOCKWP,1.0000,1.0000,1,1
1500635WERN115p,0.9792,0.9792,1,1
1500635WERN1P,1.0000,1.0000,1,1
1500635WERN2P,1.0000,1.0000,1,1
1500635WERN3P,0.9051,0.9051,1,1
1500635WERN4P,0.9792,0.9792,1,1
1500635WN80P,0.9188,0.9188,1,1
15008241KPSP20,0.1930,0.1930,1,0
15008241PF20,0.2500,0.2500,1,0
15008242PS20,0.2317,0.2317,1,0
15008243KPSP20,0.2778,0.2778,1,0
1500915121P,1.0000,1.0000,1,1
1500915123E,0.9792,0.9792,1,1
1500915123WP,1.0000,1.0000,1,1
1500915124E,1.0000,1.0000,1,1
1501361071120JP,1.0000,1.0000,1,1
1501361071220JP,1.0000,1.0000,1,1
1501361071721PO,0.9479,0.9479,1,1
15022770121SP,0.8146,0.8146,1,1
15022770221SP,0.9792,0.9792,1,1
15022770320SC,0.9479,0.9479,1,1
15022770421FP,0.8076,0.5003,2,1
15022770621SP,0.9792,0.8227,2,1
15022770721SP,0.8710,0.8710,1,1
15022770820SP,0.9265,0.9265,1,1
15022770920SP,0.8182,0.8182,1,1
15022771020SP,1.0000,1.0000,1,1
15022771021SP,1.0000,1.0000,1,1
1502277120FP,1.0000,1.0000,1,1
15022771820FP,0.7903,0.7903,1,1
15022771821FP,0.8146,0.4073,2,1
15022772820SP,1.0000,1.0000,1,1
15022772921FP,0.7903,0.7903,1,1
15022774721FP,0.8368,0.8368,1,1
15022774921FP,0.9188,0.9188,1,1
15022776021FP,0.9479,0.9479,1,1
15022776320FP,1.0000,1.0000,1,1
15022776821FP,0.7118,0.7118,1,1
1502300309PO,0.0000,0.0000,1,0
1502300312WPO,0.0000,0.0000,1,0
1504213P2,0.0000,0.0000,1,0
1504213P3,0.0000,0.0000,2,0
1504213P3P,0.8076,0.8076,1,1
1504213P4,0.0000,0.0000,1,0
1504311203PO,0.3021,0.3021,1,0
1504311205PO,0.1042,0.1042,1,0
1504311207PO,0.2222,0.2222,1,0
1504311208WPO,0.9479,0.9479,1,1
1504311211PO,0.9201,0.9201,1,1
1504311212PO,0.2000,0.2000,1,0
150449844AC,0.9778,0.9778,1,1
1504498DUFFWP,0.9792,0.9792,1,1
1504498ORAN80P,0.8710,0.8710,1,1
1504498ORANG80P,1.0000,1.0000,1,1
1504498SDSP,1.0000,0.9896,2,1
1504512STOCKWP,1.0000,1.0000,1,1
15045481H,0.9132,0.9132,1,1
15045484P,0.9688,0.4844,2,1
1504548PM1,1.0000,1.0000,1,1
1504548PPF,0.6840,0.6840,1,1
1504548PZ,0.9792,0.9792,1,1
1504548RP,0.1111,0.1111,1,0
1504548SP1,0.9188,0.9188,1,1
1504548SP2,0.8403,0.8403,1,1
15046771PS20,0.9211,0.9211,1,1
15046771PS21,0.8738,0.8738,1,1
15046772PS21,0.9688,0.9688,1,1
1505059AGRO1SP,1.0000,0.9705,2,1
1505059AGRO2FP,0.7118,0.4591,2,1
1505059AGRO3SP,1.0000,1.0000,1,1
1505059AGRO4SP,1.0000,0.9896,2,1
1505059AGRO5NP,0.9265,0.9265,1,1
1505059AGRO5SP,0.9444,0.8760,2,1
1505059AGRO6SP,0.3601,0.3601,1,0
1505059BOCKSP,0.9410,0.9284,2,1
1505059BRIMHLSP,0.8924,0.8924,1,1
1505059BRIMSP,0.9259,0.9259,1,1
1505059CATANSSP,0.7118,0.7118,1,1
1505059CATASSP,0.2890,0.2890,1,0
1505059CATNFP,0.8710,0.4355,2,1
1505059CATTANI,0.2000,0.2000,1,0
1505059CHARLSP,1.0000,1.0000,1,1
1505059COTWODSP,0.1667,0.1667,1,0
1505059COULTRSP,0.9410,0.9410,1,1
1505059COULTSP,0.9792,0.9792,1,1
1505059DELISSP,0.8988,0.8988,1,1
1505059ENGLE,0.0833,0.0833,1,0
1505059ENGLEFP,1.0000,0.5521,2,1
1505059F50SP,1.0000,0.9896,2,1
1505059FOPPFP,0.9007,0.9007,1,1
1505059FUG10SP,0.9722,0.9722,1,1
1505059FUG11SP,1.0000,1.0000,1,1
1505059FUG12FP,0.0000,0.0000,1,0
1505059FUG12SP,0.9722,0.9722,1,1
1505059FUG13FP,0.0000,0.0000,1,0
1505059FUG13SP,1.0000,1.0000,1,1
1505059FUG14PS,0.4476,0.4476,1,0
1505059FUG14SP,0.9688,0.8734,2,1
1505059FUG1FP,0.1042,0.1042,1,0
1505059FUG1SP,1.0000,1.0000,1,1
1505059FUG2FP,0.8076,0.4454,2,1
1505059FUG3FP,0.2000,0.2000,1,0
1505059FUG6SP,1.0000,1.0000,1,1
1505059FUG7SP,0.9722,0.9722,1,1
1505059FUG8SP,1.0000,0.6404,2,1
1505059FUG9SP,1.0000,1.0000,1,1
1505059FUGIT2FP,0.1042,0.1042,1,0
1505059FUGIT3FP,0.7465,0.7465,1,1
1505059FUGIT6SP,0.9201,0.9201,1,1
1505059FUGIT7SP,0.9265,0.9265,1,1
1505059FUGIT8SP,0.8076,0.8076,1,1
1505059FUGIT9SP,0.8076,0.8076,1,1
1505059FUGT10SP,0.7012,0.7012,1,1
1505059FUGT11SP,0.8681,0.8681,1,1
1505059FUGT12,0.0000,0.0000,1,0
1505059FUGT13,0.0000,0.0000,1,0
1505059IZNFP,0.2000,0.2000,1,0
1505059IZQNFP,0.7718,0.7718,1,1
1505059IZQSFP,0.7257,0.4628,2,1
1505059IZSFP,0.0000,0.0000,1,0
1505059JAMESP,0.8076,0.5003,2,1
1505059JENSEN,0.9410,0.9410,1,1
1505059KIMSP,0.9688,0.9549,2,1
1505059MRCH12SP,0.8354,0.8354,1,1
1505059NSABOSP,0.9479,0.9479,1,1
1505059PALA2FP,0.0000,0.0000,1,0
1505059PALA3FP,0.0000,0.0000,1,0
1505059PALA4FP,0.0000,0.0000,1,0
1505059PALLA4FP,0.9201,0.9201,1,1
1505059PALLA5SP,0.1667,0.1667,1,0
1505059PALLA6SP,0.2000,0.2000,1,0
1505059PALLAFP,0.8076,0.4454,2,1
1505059PET1SP,0.9211,0.4606,2,1
1505059PET2SP,0.9479,0.9479,1,1
1505059PET3SP,0.9722,0.9722,1,1
1505059PET4SP,0.9479,0.9472,2,1
1505059PET5SP,0.8988,0.8445,2,1
1505059PETR3FP,0.2000,0.2000,1,0
1505059PETSSP,0.9410,0.9410,1,1
1505059RICHRDSP,0.9029,0.8870,2,1
1505059RUDDFP,0.1930,0.1930,1,0
1505059SACCOSP,0.9950,0.9576,2,1
1505059SANTFNSP,1.0000,0.9209,2,1
1505059SANTFSSP,1.0000,0.9503,2,1
1505059SMITHSP,0.2778,0.2778,1,0
1505059SVS120FP,0.1042,0.1042,1,0
1505059SVS80SP,1.0000,1.0000,1,1
1505059TOMMYNSP,1.0000,1.0000,1,1
1505059TOMMYSSP,0.9792,0.9792,1,1
1505059TOMYEFP,0.0000,0.0000,2,0
1505059URFRIGSP,0.8947,0.8657,2,1
1505059WID12ASP,1.0000,0.9740,2,1
1505059WID1ASP,0.9792,0.9525,2,1
1505124D15,0.0833,0.0833,1,0
1505124D15A,0.0833,0.0833,1,0
1505124D17A,0.7903,0.7903,1,1
1505124D17B,0.8146,0.8146,1,1
1505124ED23,0.9211,0.9211,1,1
1505124ED23A,0.9514,0.9514,1,1
1505124ED23B,1.0000,1.0000,1,1
1505124EYRAUD10,0.9722,0.9722,1,1
1505124RICO16A,0.8924,0.8924,1,1
1505124S17,0.9514,0.9514,1,1
150553216F,0.9792,0.9792,1,1
150553216H,0.9792,0.9792,1,1
150553219D,0.9974,0.9974,1,1
150553220A,1.0000,1.0000,1,1
150553220F1,1.0000,1.0000,1,1
150553220G1,1.0000,1.0000,1,1
150553221E1A,0.9792,0.9792,1,1
150553221E2A,0.9792,0.9792,1,1
150553221F,0.9236,0.9236,1,1
150553221G,1.0000,1.0000,1,1
150553221H,1.0000,1.0000,1,1
150553228E,1.0000,1.0000,1,1
150553229B1,1.0000,1.0000,1,1
150553229E,1.0000,1.0000,1,1
150553229H1,1.0000,1.0000,1,1
150553230A,1.0000,1.0000,1,1
150553230D1,1.0000,1.0000,1,1
150553230F1,0.9444,0.9444,1,1
150553230G,1.0000,1.0000,1,1
150553232A,1.0000,1.0000,1,1
150553232D1,0.9514,0.9514,1,1
1505532NMA,1.0000,1.0000,1,1
1505532NMBE,1.0000,1.0000,1,1
1505532NMBW,1.0000,1.0000,1,1
1505532NMCE1,0.9479,0.9479,1,1
1505532NMCW1,0.9792,0.9792,1,1
1505532NMD1,1.0000,1.0000,1,1
1505532SMB1,0.9688,0.9688,1,1
1505532SMH,0.9688,0.9688,1,1
150559121GN02GA,1.0000,1.0000,1,1
150559121GN06GA,0.9792,0.9792,1,1
150559121KV07GA,1.0000,1.0000,1,1
150559121KZ73GA,1.0000,1.0000,1,1
150559121SK15FA,0.2807,0.1825,3,0
150559122GN04GA,0.0833,0.0833,2,0
150559122GN08GA,0.0000,0.0000,1,0
150559122GN15GA,0.1042,0.0938,2,0
