PMT_SITE,window,year,treated,p_treated,cluster_kmeans,cluster_gmm,anomaly_if,anomaly_lof,unsup_risk
150000721121POS,0,2021,1,0.9514,1,0,0.3746,1.0028,0.6887
150000727011POS,0,2021,1,0.9792,1,0,0.3581,0.9695,0.6638
150000727090POS,0,2020,1,0.9778,1,0,0.3639,0.9700,0.6670
150000733040POS,0,2020,1,0.9514,1,0,0.3764,0.9818,0.6791
150001535SP,0,2021,1,0.9688,1,0,0.3764,1.0097,0.6931
1500015BERRY1SP,1,2020,1,0.9688,1,0,0.3908,1.0231,0.7069
1500015BERRY1SP,2,2021,1,1.0000,1,0,0.3999,1.1438,0.7719
1500015BERRY2SP,1,2020,1,1.0000,1,0,0.3940,1.0703,0.7321
1500015BERRY2SP,2,2021,1,0.9188,1,0,0.4049,1.1319,0.7684
1500015DRYER1FP,0,2020,0,0.0833,0,1,0.5376,1.6724,1.1050
1500015DRYER1FP,1,2021,0,0.3199,0,1,0.4900,1.1704,0.8302
1500015DRYERFP,0,2020,1,0.8403,0,0,0.4846,1.1301,0.8073
1500015HILL1FP,0,2020,0,0.0667,0,1,0.5408,1.6624,1.1016
1500015HILL1FP,1,2021,1,0.8458,0,0,0.5008,1.2296,0.8652
1500015HILLFP1,1,2020,1,0.8076,0,1,0.4962,1.2270,0.8616
1500015OLDLINSP,0,2020,1,1.0000,1,0,0.3703,0.9935,0.6819
1500015PECK1SP,0,2021,1,1.0000,1,0,0.4168,1.2448,0.8308
1500015PECK2SP,0,2021,1,0.9792,1,0,0.4016,1.2224,0.8120
1500015PECK3SP,0,2020,1,0.9792,1,0,0.3717,0.9775,0.6746
1500015SC10B1SP,0,2020,1,0.8988,1,0,0.3923,1.1301,0.7612
1500015SC10B3SP,0,2020,1,0.9792,1,0,0.3631,0.9739,0.6685
1500015SC10B4SP,0,2020,1,1.0000,1,0,0.3672,0.9751,0.6711
1500015SEC1B2SP,0,2021,1,1.0000,1,0,0.3878,1.0183,0.7030
1500015SEC1B3SP,0,2021,1,1.0000,1,0,0.3794,0.9958,0.6876
1500015SEC1B4SP,0,2021,1,1.0000,1,0,0.4008,1.3505,0.8756
1500015SKONSP,0,2020,1,0.8947,1,0,0.3685,0.9848,0.6767
1500015SWC1B1SP,0,2020,1,0.9609,1,0,0.3914,1.0770,0.7342
1500027CLARE2,0,2020,1,0.6979,0,0,0.4672,1.0798,0.7735
1500027HERSHEY,1,2021,0,0.1667,1,0,0.3767,1.0899,0.7333
1500027HERSHEYS,0,2021,0,0.2807,0,0,0.5006,1.1775,0.8391
1500027K2F,1,2020,0,0.2692,1,0,0.4095,1.2732,0.8414
1500027KH1,0,2021,1,0.9246,1,0,0.3815,1.0080,0.6947
1500027S111,1,2020,1,0.8988,1,0,0.3694,1.1154,0.7424
1500027S111,2,2021,0,0.2222,1,0,0.3957,1.1582,0.7769
1500027S115,1,2020,1,0.8076,1,0,0.3816,1.0711,0.7264
1500027S115,2,2021,0,0.1930,1,1,0.4106,1.3288,0.8697
1500027S14,1,2021,0,0.3111,1,0,0.3620,1.0111,0.6865
1500027S14B,1,2020,1,0.7903,0,0,0.4489,1.1403,0.7946
1500027S14B,2,2021,0,0.0667,1,1,0.4531,1.7255,1.0893
1500027STOLL,1,2021,0,0.2924,1,1,0.4021,1.2513,0.8267
1500027SUNSET,0,2020,0,0.1930,1,0,0.3771,1.0716,0.7244
15000321200,0,2020,0,0.0000,1,0,0.3869,1.2076,0.7972
15000321200,1,2021,1,0.9524,1,0,0.3930,1.0449,0.7189
15000321200A,0,2020,0,0.0667,1,0,0.3777,1.1290,0.7533
15000321401,0,2020,0,0.1111,1,0,0.3881,1.0546,0.7214
15000321401A,1,2021,0,0.2000,1,0,0.3773,1.0461,0.7117
1500032401,1,2021,1,0.8924,1,0,0.4301,1.2061,0.8181
1500032402,0,2020,1,0.9514,1,0,0.4062,1.1554,0.7808
1500032405A,0,2020,0,0.0000,1,1,0.5094,1.4332,0.9713
1500032405B,0,2020,0,0.0000,1,1,0.5094,1.4332,0.9713
1500032415,0,2020,1,0.9188,1,0,0.4304,1.2647,0.8476
1500032805,0,2020,1,0.9688,1,0,0.3706,1.0599,0.7153
1500032805,2,2021,1,0.9201,1,0,0.3667,0.9892,0.6780
1500032915,0,2020,1,0.7903,1,0,0.3652,0.9776,0.6714
1500032915A,0,2020,0,0.0000,1,0,0.3614,0.9848,0.6731
1500032915AA,0,2020,0,0.0000,1,0,0.3614,0.9848,0.6731
1500032950,0,2020,1,0.6384,1,0,0.4128,1.2228,0.8178
1500032950,1,2021,1,0.9479,1,0,0.3833,1.0726,0.7279
1500032950A,0,2020,0,0.0000,1,0,0.3820,1.1392,0.7606
1500032950B,0,2020,0,0.0000,1,0,0.3820,1.1401,0.7610
15005301PO,0,2020,1,0.7743,1,0,0.4029,1.0611,0.7320
15005302PO,0,2020,1,0.9792,1,0,0.3989,1.0816,0.7403
1500553132A,0,2020,1,0.9688,1,0,0.3883,1.2105,0.7994
1500553132A,1,2021,0,0.1930,1,0,0.3595,0.9778,0.6687
1500553132C,0,2021,0,0.1042,1,0,0.3662,0.9956,0.6809
1500553160PB1,1,2020,1,0.9877,1,0,0.3767,1.0079,0.6923
1500553160PB1,2,2021,1,0.9201,1,0,0.3989,1.1927,0.7958
1500553162,0,2020,1,0.9479,1,0,0.3723,1.0040,0.6881
1500553162A,1,2021,1,0.9479,1,0,0.3750,1.0963,0.7357
1500553163,0,2020,1,1.0000,1,0,0.3835,0.9952,0.6893
1500553163A,0,2020,1,1.0000,1,0,0.3890,1.0079,0.6985
1500553163P1,0,2020,1,0.9479,1,0,0.3560,0.9761,0.6661
1500553164P1,0,2021,1,1.0000,1,0,0.3786,1.0067,0.6927
1500553164PA,0,2020,1,0.9792,1,0,0.3771,1.0439,0.7105
1500553171,0,2020,1,1.0000,1,0,0.3737,1.0160,0.6949
1500553173,0,2021,1,0.7743,1,0,0.3851,1.0687,0.7269
1500555331P,0,2020,1,0.9792,0,1,0.5436,2.1804,1.3620
1500555332,1,2021,1,1.0000,1,0,0.3805,1.0186,0.6996
150062471C,1,2021,0,0.1930,0,1,0.5128,1.9945,1.2537
150062910A,0,2019,0,0.0000,0,1,0.5728,1.4437,1.0083
150062910A,1,2020,1,0.9222,1,0,0.3976,1.0217,0.7096
150062910A,2,2021,0,0.1042,1,1,0.5555,1.9214,1.2384
150062910B,1,2021,1,0.9479,1,1,0.4644,1.1795,0.8220
150062910C,1,2021,1,0.9792,1,1,0.4440,1.1579,0.8009
150062915A,0,2020,1,0.9792,1,0,0.3823,1.0643,0.7233
150062915B,0,2020,1,0.9792,1,0,0.3909,1.0745,0.7327
150062915D,0,2020,1,0.9201,1,0,0.3918,1.1347,0.7633
15006291A,1,2020,0,0.1111,1,1,0.5294,2.0113,1.2703
15006291A,2,2021,0,0.1042,1,1,0.5610,2.1370,1.3490
15006293A,1,2021,1,0.9444,1,1,0.4756,1.1746,0.8251
15006294B,0,2020,1,1.0000,1,0,0.4153,1.1763,0.7958
15006295B,0,2020,1,0.9792,1,0,0.3963,1.0730,0.7347
15006296C,0,2020,1,1.0000,1,0,0.3883,1.0546,0.7214
15006296D,0,2020,1,1.0000,1,0,0.3985,1.0632,0.7309
15006297A,1,2021,1,0.9500,1,0,0.3948,1.0233,0.7091
15006297C,1,2021,1,1.0000,1,0,0.4093,1.1783,0.7938
15006297E,1,2021,1,0.9236,1,0,0.4063,1.1756,0.7909
15006297E1,1,2020,0,0.1042,1,1,0.5340,2.3211,1.4275
15006297F,1,2021,1,1.0000,1,1,0.4828,1.1866,0.8347
15006299A,1,2021,1,1.0000,1,0,0.3936,1.0724,0.7330
15006299B,0,2020,1,0.9722,1,1,0.5051,1.2001,0.8526
1500635APPLEP,0,2020,1,1.0000,1,0,0.3903,1.0484,0.7193
1500635BPECKEP,0,2021,1,0.9792,1,0,0.3916,1.0324,0.7120
1500635BPECKWP,1,2020,1,1.0000,1,0,0.3933,1.0347,0.7140
1500635BV104P,0,2021,1,0.9905,1,0,0.3647,0.9889,0.6768
1500635BV112SP,0,2021,1,1.0000,1,1,0.4316,1.2666,0.8491
1500635BV113P,0,2020,1,1.0000,1,0,0.3770,0.9954,0.6862
1500635BV114P,1,2020,1,0.9792,1,0,0.3824,1.1606,0.7715
1500635BV133P,0,2020,1,1.0000,1,1,0.4723,1.1609,0.8166
1500635BV141P,0,2021,1,1.0000,1,1,0.4136,1.3282,0.8709
1500635BV142P,0,2021,1,1.0000,1,1,0.4697,1.2203,0.8450
1500635BV143P,0,2021,1,1.0000,1,0,0.4705,1.2138,0.8422
1500635BV144P,0,2020,1,0.9722,1,0,0.3802,1.0374,0.7088
1500635DUDANP,0,2020,1,1.0000,1,0,0.3991,1.0361,0.7176
1500635DUDANP,1,2021,1,0.9188,1,1,0.4065,1.2751,0.8408
1500635DUDASP,0,2020,1,1.0000,1,0,0.3844,1.0281,0.7062
1500635FDLT35P,0,2020,1,0.8076,1,1,0.5443,2.7214,1.6329
1500635FDLT35P,1,2021,1,0.9792,1,0,0.3945,1.1367,0.7656
1500635FDLT3SP,0,2020,0,0.1042,1,1,0.5136,2.8470,1.6803
1500635FDLT75EP,0,2020,1,1.0000,1,0,0.3719,1.0333,0.7026
1500635FDLT75WP,1,2021,1,1.0000,1,0,0.4114,1.0543,0.7328
1500635GRIMCP,0,2020,1,0.8146,1,0,0.4126,1.0935,0.7530
1500635GRIMCP,1,2021,1,1.0000,1,0,0.3914,1.0173,0.7044
1500635HAM35P,0,2020,1,1.0000,1,0,0.3923,1.0706,0.7315
1500635HAM35P,1,2021,1,0.9500,1,0,0.4246,1.0461,0.7353
1500635HAMEP,1,2021,1,0.9265,1,0,0.3904,1.1658,0.7781
1500635HAMWEP,0,2020,1,0.9051,1,0,0.3917,1.0084,0.7001
1500635HAMWWP,1,2020,1,0.9792,1,0,0.3750,1.0366,0.7058
1500635JOHNNYP,0,2021,1,1.0000,1,1,0.4904,1.2212,0.8558
1500635MALAGAP,1,2020,1,1.0000,1,0,0.3945,1.1706,0.7825
1500635MTWP,0,2020,1,0.9778,1,0,0.4169,1.0364,0.7267
1500635MTWP,1,2021,1,1.0000,1,0,0.3815,0.9949,0.6882
1500635NCANALP,0,2020,1,1.0000,1,0,0.3973,1.1422,0.7697
1500635NLINP,0,2020,1,1.0000,1,0,0.3757,0.9907,0.6832
1500635NLINP,1,2021,1,0.9792,1,0,0.4178,1.0154,0.7166
1500635PEACH55P,0,2021,1,1.0000,1,1,0.4877,1.2407,0.8642
1500635PEACH75P,0,2020,1,1.0000,1,0,0.4125,1.0904,0.7515
1500635PECK1P,0,2020,1,0.9514,1,0,0.3991,1.0266,0.7128
1500635PECK2P,0,2021,1,0.9792,1,0,0.4225,1.0226,0.7225
1500635PECK3P,1,2021,1,1.0000,1,0,0.4062,1.0409,0.7235
1500635PECK4P,0,2021,1,1.0000,1,0,0.4220,1.1312,0.7766
1500635RIDIANEP,0,2021,1,0.8924,1,1,0.4805,1.4565,0.9685
1500635RIDIANWP,0,2020,1,1.0000,1,0,0.4201,1.0953,0.7577
1500635RIDIANWP,1,2021,1,0.9246,1,0,0.4361,1.1337,0.7849
1500635SABOP,1,2021,1,1.0000,1,1,0.4725,1.3195,0.8960
1500635SAND1P,0,2020,1,0.9792,1,0,0.3785,1.0157,0.6971
1500635SAND1P,1,2021,1,0.8403,1,0,0.3923,1.2314,0.8118
1500635SAND2P,0,2020,1,0.9792,1,0,0.3760,1.0216,0.6988
1500635SAND2P,1,2021,1,0.7500,1,0,0.3784,1.0119,0.6952
1500635SAND3P,0,2021,1,1.0000,1,0,0.4273,1.1102,0.7688
1500635SAND4P,0,2020,1,1.0000,1,0,0.3873,1.0072,0.6972
1500635SAND4P,1,2021,1,0.9514,1,0,0.3883,1.0485,0.7184
1500635SAND5P,0,2021,1,1.0000,1,0,0.4349,1.8840,1.1595
1500635SAND6P,0,2021,1,0.9500,1,0,0.3788,1.0504,0.7146
1500635SAND7P,0,2020,1,0.9265,1,1,0.4167,1.2543,0.8355
1500635SAND8P,0,2020,1,1.0000,1,1,0.4681,1.1525,0.8103
1500635SANDW1P,0,2020,1,1.0000,1,0,0.3782,0.9982,0.6882
1500635SANDW1P,1,2021,1,0.9201,1,0,0.3961,1.0272,0.7116
1500635SANDW2P,0,2020,1,1.0000,1,0,0.3742,1.0141,0.6942
1500635SANDW2P,1,2021,1,0.7292,1,0,0.3954,1.0097,0.7026
1500635SANDW3P,0,2020,1,1.0000,1,0,0.3953,0.9968,0.6960
1500635SANDW3P,1,2021,0,0.3021,1,0,0.3982,1.0114,0.7048
1500635SANDW3PP,0,2021,1,0.9514,1,0,0.3795,0.9947,0.6871
1500635SANDW4P,0,2020,1,0.9236,1,0,0.3949,0.9869,0.6909
1500635SANDW5P,0,2021,1,0.9201,1,1,0.5267,1.4035,0.9651
1500635SCANALW,0,2021,0,0.3021,1,0,0.3788,1.0104,0.6946
1500635SHOPNP,0,2020,1,0.9201,1,0,0.4094,1.2206,0.8150
1500635SHOPWP,1,2020,1,0.9792,1,0,0.3847,1.0039,0.6943
1500635SLINP,1,2021,1,1.0000,1,0,0.4444,1.7224,1.0834
1500635STOCKWP,1,2021,1,1.0000,1,0,0.4105,1.0430,0.7267
1500635WERN115p,0,2021,1,0.9792,1,0,0.4247,1.1993,0.8120
1500635WERN1P,0,2020,1,1.0000,1,0,0.3936,1.0775,0.7356
1500635WERN2P,0,2021,1,1.0000,1,1,0.4456,1.3266,0.8861
1500635WERN3P,0,2021,1,0.9051,1,0,0.3986,1.0345,0.7165
1500635WERN4P,1,2020,1,0.9792,1,0,0.4110,1.0304,0.7207
1500635WN80P,0,2020,1,0.9188,1,0,0.3936,1.1091,0.7514
15008241KPSP20,0,2020,0,0.1930,1,1,0.4529,1.1915,0.8222
15008241PF20,0,2020,0,0.2500,0,0,0.4686,1.0773,0.7730
15008242PS20,0,2020,0,0.2317,1,0,0.3726,1.0464,0.7095
15008243KPSP20,0,2020,0,0.2778,1,1,0.4205,1.3163,0.8684
1500915121P,1,2021,1,1.0000,1,0,0.3942,1.0999,0.7471
1500915123E,0,2020,1,0.9792,1,0,0.4110,1.0417,0.7263
1500915123WP,1,2021,1,1.0000,1,0,0.3867,1.0336,0.7102
1500915124E,0,2020,1,1.0000,1,0,0.3892,1.0419,0.7156
1501361071120JP,0,2020,1,1.0000,1,0,0.3719,0.9744,0.6732
1501361071220JP,0,2020,1,1.0000,1,0,0.3693,0.9887,0.6790
1501361071721PO,0,2021,1,0.9479,1,0,0.3583,1.0002,0.6793
15022770121SP,1,2021,1,0.8146,1,0,0.3673,0.9815,0.6744
15022770221SP,1,2021,1,0.9792,1,0,0.3627,0.9788,0.6708
15022770320SC,0,2020,1,0.9479,1,0,0.4173,1.3047,0.8610
15022770421FP,0,2020,0,0.1930,0,1,0.6533,1.7494,1.2013
15022770421FP,1,2021,1,0.8076,0,1,0.5733,3.0182,1.7958
15022770621SP,0,2020,1,0.6663,0,1,0.6054,1.6921,1.1487
15022770621SP,1,2021,1,0.9792,1,0,0.3862,1.0023,0.6942
15022770721SP,1,2021,1,0.8710,1,0,0.3888,0.9977,0.6933
15022770820SP,0,2020,1,0.9265,1,0,0.3676,0.9909,0.6793
15022770920SP,0,2020,1,0.8182,1,1,0.5035,2.4396,1.4716
15022771020SP,0,2020,1,1.0000,1,0,0.3561,0.9758,0.6660
15022771021SP,0,2020,1,1.0000,1,0,0.3566,0.9763,0.6665
1502277120FP,0,2020,1,1.0000,0,1,0.5416,1.8197,1.1806
15022771820FP,1,2020,1,0.7903,0,0,0.4662,1.1594,0.8128
15022771821FP,0,2020,0,0.0000,0,1,0.5269,1.8186,1.1727
15022771821FP,1,2021,1,0.8146,0,1,0.4703,1.0597,0.7650
15022772820SP,1,2020,1,1.0000,1,0,0.3727,0.9964,0.6845
15022772921FP,1,2021,1,0.7903,1,1,0.5561,2.0555,1.3058
15022774721FP,0,2021,1,0.8368,0,1,0.5466,1.7312,1.1389
15022774921FP,1,2021,1,0.9188,1,1,0.6113,1.9726,1.2919
15022776021FP,0,2021,1,0.9479,0,1,0.6180,1.8640,1.2410
15022776320FP,0,2020,1,1.0000,0,1,0.5418,1.7800,1.1609
15022776821FP,0,2021,1,0.7118,0,1,0.5728,1.5828,1.0778
1502300309PO,0,2020,0,0.0000,1,1,0.5517,2.7443,1.6480
1502300312WPO,0,2020,0,0.0000,1,1,0.5462,2.1004,1.3233
1504213P2,1,2021,0,0.0000,0,0,0.4370,0.9775,0.7073
1504213P3,0,2020,0,0.0000,0,1,0.4994,2.1373,1.3183
1504213P3,2,2021,0,0.0000,0,0,0.4416,0.9775,0.7096
1504213P3P,0,2020,1,0.8076,1,1,0.5853,3.8411,2.2132
1504213P4,2,2021,0,0.0000,0,0,0.4334,0.9717,0.7025
1504311203PO,1,2021,0,0.3021,1,0,0.3764,0.9794,0.6779
1504311205PO,1,2021,0,0.1042,0,0,0.4273,1.1526,0.7900
1504311207PO,1,2021,0,0.2222,0,0,0.4311,1.1332,0.7821
1504311208WPO,0,2020,1,0.9479,1,0,0.4034,1.0594,0.7314
1504311211PO,0,2020,1,0.9201,1,0,0.3999,1.0889,0.7444
1504311212PO,1,2021,0,0.2000,1,0,0.3957,1.0236,0.7096
150449844AC,0,2020,1,0.9778,1,0,0.4226,1.2943,0.8584
1504498DUFFWP,1,2021,1,0.9792,1,1,0.4873,2.3560,1.4216
1504498ORAN80P,0,2020,1,0.8710,1,0,0.4218,1.2472,0.8345
1504498ORANG80P,1,2021,1,1.0000,1,0,0.4065,1.0346,0.7205
1504498SDSP,1,2020,1,0.9792,1,0,0.3932,1.1725,0.7828
1504498SDSP,2,2021,1,1.0000,1,0,0.3979,1.0532,0.7256
1504512STOCKWP,0,2020,1,1.0000,1,0,0.4262,1.0911,0.7586
15045481H,1,2021,1,0.9132,1,0,0.3896,1.0470,0.7183
15045484P,0,2019,0,0.0000,0,1,0.5759,1.4163,0.9961
15045484P,1,2020,1,0.9688,1,0,0.3956,1.1281,0.7618
1504548PM1,0,2020,1,1.0000,0,1,0.5431,2.3829,1.4630
1504548PPF,0,2021,1,0.6840,0,1,0.4814,1.0719,0.7767
1504548PZ,0,2020,1,0.9792,0,0,0.4007,1.0330,0.7168
1504548RP,0,2020,0,0.1111,0,1,0.5502,1.4921,1.0211
1504548SP1,0,2020,1,0.9188,1,0,0.4033,1.1500,0.7766
1504548SP2,0,2020,1,0.8403,1,1,0.4266,1.6315,1.0290
15046771PS20,0,2020,1,0.9211,1,0,0.3571,0.9794,0.6683
15046771PS21,1,2021,1,0.8738,1,0,0.3618,0.9673,0.6645
15046772PS21,1,2021,1,0.9688,1,0,0.4086,1.1096,0.7591
1505059AGRO1SP,0,2020,1,1.0000,1,0,0.3799,1.0367,0.7083
1505059AGRO1SP,1,2021,1,0.9410,1,0,0.4071,1.0277,0.7174
1505059AGRO2FP,0,2020,1,0.7118,0,1,0.5117,1.2070,0.8593
1505059AGRO2FP,1,2021,0,0.2063,0,0,0.4803,1.1388,0.8096
1505059AGRO3SP,0,2020,1,1.0000,1,0,0.3956,1.0476,0.7216
1505059AGRO4SP,0,2020,1,0.9792,1,0,0.3928,1.0106,0.7017
1505059AGRO4SP,1,2021,1,1.0000,1,0,0.4155,1.1437,0.7796
1505059AGRO5NP,1,2020,1,0.9265,1,1,0.5746,2.4001,1.4874
1505059AGRO5SP,0,2020,1,0.8076,1,1,0.4530,2.1993,1.3261
1505059AGRO5SP,1,2021,1,0.9444,1,0,0.4185,1.1436,0.7811
1505059AGRO6SP,0,2021,0,0.3601,1,0,0.4279,1.1786,0.8033
1505059BOCKSP,0,2020,1,0.9159,0,1,0.4157,1.2419,0.8288
1505059BOCKSP,1,2021,1,0.9410,1,0,0.3718,1.0101,0.6910
1505059BRIMHLSP,0,2021,1,0.8924,1,0,0.3747,1.0286,0.7017
1505059BRIMSP,0,2020,1,0.9259,1,0,0.3715,1.0114,0.6915
1505059CATANSSP,0,2021,1,0.7118,0,0,0.4506,1.1817,0.8162
1505059CATASSP,0,2021,0,0.2890,0,0,0.4499,1.1791,0.8145
1505059CATNFP,0,2020,1,0.8710,0,0,0.4577,1.0069,0.7323
1505059CATNFP,1,2021,0,0.0000,0,0,0.4725,1.0668,0.7696
1505059CATTANI,0,2020,0,0.2000,0,0,0.4514,0.9922,0.7218
1505059CHARLSP,0,2020,1,1.0000,1,0,0.3732,1.0051,0.6892
1505059COTWODSP,0,2021,0,0.1667,1,0,0.4054,1.2246,0.8150
1505059COULTRSP,0,2021,1,0.9410,1,0,0.3738,0.9964,0.6851
1505059COULTSP,0,2020,1,0.9792,1,0,0.3639,0.9931,0.6785
1505059DELISSP,0,2021,1,0.8988,1,0,0.4145,1.1684,0.7915
1505059ENGLE,0,2020,0,0.0833,0,0,0.5128,1.1628,0.8378
1505059ENGLEFP,0,2020,1,1.0000,0,1,0.5348,1.7756,1.1552
1505059ENGLEFP,1,2021,0,0.1042,0,0,0.4468,0.9958,0.7213
1505059F50SP,0,2020,1,0.9792,1,0,0.3779,0.9977,0.6878
1505059F50SP,1,2021,1,1.0000,1,0,0.3786,1.0065,0.6926
1505059FOPPFP,0,2020,1,0.9007,0,0,0.4540,0.9732,0.7136
1505059FUG10SP,0,2020,1,0.9722,1,0,0.3702,1.0073,0.6888
1505059FUG11SP,0,2020,1,1.0000,1,0,0.3764,1.0011,0.6887
1505059FUG12FP,0,2021,0,0.0000,0,0,0.4458,1.0221,0.7340
1505059FUG12SP,0,2020,1,0.9722,1,0,0.3775,1.0090,0.6933
1505059FUG13FP,0,2021,0,0.0000,0,0,0.4344,0.9849,0.7097
1505059FUG13SP,0,2020,1,1.0000,1,0,0.3823,1.0218,0.7020
1505059FUG14PS,0,2021,0,0.4476,1,0,0.3720,1.0063,0.6892
1505059FUG14SP,0,2020,1,0.9688,1,0,0.3994,1.0259,0.7127
1505059FUG14SP,1,2021,1,0.7781,1,0,0.3698,1.0183,0.6941
1505059FUG1FP,0,2021,0,0.1042,0,0,0.4406,0.9790,0.7098
1505059FUG1SP,0,2020,1,1.0000,1,0,0.3822,1.0198,0.7010
1505059FUG2FP,0,2020,1,0.8076,0,1,0.4423,0.9782,0.7103
1505059FUG2FP,1,2021,0,0.0833,0,0,0.4338,0.9674,0.7006
1505059FUG3FP,0,2021,0,0.2000,0,0,0.4365,0.9717,0.7041
1505059FUG6SP,0,2020,1,1.0000,1,0,0.3837,1.0274,0.7055
1505059FUG7SP,0,2020,1,0.9722,1,0,0.3757,1.0019,0.6888
1505059FUG8SP,0,2020,1,1.0000,0,1,0.5297,2.3732,1.4515
1505059FUG8SP,1,2021,0,0.2807,1,0,0.4150,1.2679,0.8415
1505059FUG9SP,0,2020,1,1.0000,1,0,0.3871,1.0441,0.7156
1505059FUGIT2FP,0,2020,0,0.1042,0,1,0.4814,1.1845,0.8329
1505059FUGIT3FP,1,2020,1,0.7465,0,0,0.4627,1.0004,0.7315
1505059FUGIT6SP,0,2021,1,0.9201,1,0,0.4080,1.3105,0.8593
1505059FUGIT7SP,0,2021,1,0.9265,1,0,0.4000,1.1954,0.7977
1505059FUGIT8SP,0,2021,1,0.8076,1,0,0.4219,1.3442,0.8830
1505059FUGIT9SP,0,2021,1,0.8076,1,0,0.4208,1.2885,0.8546
1505059FUGT10SP,0,2021,1,0.7012,1,0,0.3942,1.1222,0.7582
1505059FUGT11SP,0,2021,1,0.8681,1,0,0.4056,1.1918,0.7987
1505059FUGT12,0,2021,0,0.0000,0,0,0.4458,1.0221,0.7340
1505059FUGT13,0,2021,0,0.0000,0,0,0.4344,0.9849,0.7097
1505059IZNFP,0,2021,0,0.2000,0,0,0.4335,1.0020,0.7178
1505059IZQNFP,1,2020,1,0.7718,0,0,0.4571,0.9728,0.7150
1505059IZQSFP,0,2019,0,0.2000,0,1,0.6295,1.8675,1.2485
1505059IZQSFP,1,2020,1,0.7257,0,0,0.4682,1.0200,0.7441
1505059IZSFP,0,2021,0,0.0000,0,0,0.4629,1.0903,0.7766
1505059JAMESP,0,2020,1,0.8076,0,1,0.4349,1.3277,0.8813
1505059JAMESP,1,2021,0,0.1930,0,0,0.4550,1.3057,0.8804
1505059JENSEN,1,2021,1,0.9410,1,0,0.3755,1.0506,0.7131
1505059KIMSP,0,2020,1,0.9688,0,0,0.3976,1.0344,0.7160
1505059KIMSP,1,2021,1,0.9410,1,0,0.4032,1.0590,0.7311
1505059MRCH12SP,0,2020,1,0.8354,1,0,0.3786,1.0308,0.7047
1505059NSABOSP,0,2020,1,0.9479,1,0,0.3935,1.0220,0.7077
1505059PALA2FP,0,2021,0,0.0000,0,0,0.4370,0.9775,0.7073
1505059PALA3FP,1,2021,0,0.0000,0,0,0.4416,0.9775,0.7096
1505059PALA4FP,1,2021,0,0.0000,0,0,0.4334,0.9717,0.7025
1505059PALLA4FP,0,2020,1,0.9201,1,1,0.5653,1.9829,1.2741
1505059PALLA5SP,0,2021,0,0.1667,1,0,0.4154,1.3043,0.8599
1505059PALLA6SP,0,2021,0,0.2000,1,0,0.4225,1.3370,0.8798
1505059PALLAFP,0,2020,1,0.8076,0,1,0.4546,0.9745,0.7146
1505059PALLAFP,1,2021,0,0.0833,0,0,0.4494,1.0204,0.7349
1505059PET1SP,0,2020,0,0.0000,0,1,0.5825,1.9844,1.2835
1505059PET1SP,1,2021,1,0.9211,0,0,0.4342,1.1596,0.7969
1505059PET2SP,0,2020,1,0.9479,1,0,0.3707,1.0089,0.6898
1505059PET3SP,0,2020,1,0.9722,1,0,0.3606,0.9882,0.6744
1505059PET4SP,0,2020,1,0.9465,1,0,0.3752,1.0353,0.7052
1505059PET4SP,1,2021,1,0.9479,1,0,0.4024,1.2337,0.8180
1505059PET5SP,0,2020,1,0.8988,1,0,0.3714,0.9806,0.6760
1505059PET5SP,1,2021,1,0.7903,1,0,0.3880,1.0852,0.7366
1505059PETR3FP,0,2021,0,0.2000,0,0,0.5365,1.2350,0.8858
1505059PETSSP,1,2021,1,0.9410,1,0,0.3626,0.9845,0.6735
1505059RICHRDSP,0,2020,1,0.9029,1,0,0.3677,0.9936,0.6806
1505059RICHRDSP,1,2021,1,0.8710,1,0,0.3875,1.1256,0.7566
1505059RUDDFP,0,2020,0,0.1930,0,1,0.5260,1.2574,0.8917
1505059SACCOSP,0,2020,1,0.9950,1,0,0.3670,0.9757,0.6713
1505059SACCOSP,1,2021,1,0.9201,1,0,0.3593,0.9774,0.6684
1505059SANTFNSP,0,2020,1,1.0000,1,0,0.4163,1.0919,0.7541
1505059SANTFNSP,1,2021,1,0.8417,0,1,0.4555,1.3975,0.9265
1505059SANTFSSP,0,2020,1,1.0000,1,0,0.4170,1.1327,0.7748
1505059SANTFSSP,1,2021,1,0.9006,1,0,0.3878,1.0292,0.7085
1505059SMITHSP,0,2020,0,0.2778,0,0,0.4089,1.1250,0.7670
1505059SVS120FP,0,2021,0,0.1042,0,1,0.5581,2.2385,1.3983
1505059SVS80SP,0,2021,1,1.0000,1,0,0.3925,1.0337,0.7131
1505059TOMMYNSP,0,2020,1,1.0000,1,0,0.3644,0.9921,0.6782
1505059TOMMYSSP,0,2020,1,0.9792,1,0,0.3718,0.9956,0.6837
1505059TOMYEFP,0,2020,0,0.0000,0,1,0.5646,1.5328,1.0487
1505059TOMYEFP,1,2021,0,0.0000,0,0,0.4685,1.0724,0.7704
1505059URFRIGSP,0,2020,1,0.8947,1,0,0.3661,0.9956,0.6809
1505059URFRIGSP,1,2021,1,0.8368,1,0,0.3959,1.1234,0.7597
1505059WID12ASP,0,2020,1,1.0000,1,0,0.3774,1.0444,0.7109
1505059WID12ASP,1,2021,1,0.9479,1,0,0.3751,1.0241,0.6996
1505059WID1ASP,0,2020,1,0.9792,1,0,0.3851,1.0632,0.7241
1505059WID1ASP,1,2021,1,0.9259,1,0,0.3665,0.9957,0.6811
1505124D15,0,2020,0,0.0833,0,1,0.5206,2.5093,1.5150
1505124D15A,0,2020,0,0.0833,0,1,0.5338,2.6219,1.5778
1505124D17A,0,2021,1,0.7903,0,1,0.5437,1.4835,1.0136
1505124D17B,0,2021,1,0.8146,0,1,0.5273,1.3911,0.9592
1505124ED23,0,2020,1,0.9211,0,1,0.5535,1.9696,1.2615
1505124ED23A,0,2021,1,0.9514,1,0,0.3887,1.0115,0.7001
1505124ED23B,0,2021,1,1.0000,1,0,0.3992,1.0156,0.7074
1505124EYRAUD10,0,2020,1,0.9722,1,0,0.3841,1.0572,0.7207
1505124RICO16A,1,2020,1,0.8924,0,1,0.5105,1.9271,1.2188
1505124S17,0,2020,1,0.9514,0,1,0.5566,1.7589,1.1577
150553216F,0,2020,1,0.9792,1,0,0.3759,1.0583,0.7171
150553216H,1,2021,1,0.9792,1,0,0.4009,1.0793,0.7401
150553219D,0,2020,1,0.9974,1,0,0.3701,0.9849,0.6775
150553220A,0,2020,1,1.0000,1,0,0.3576,0.9567,0.6571
150553220F1,1,2021,1,1.0000,1,0,0.3605,0.9724,0.6665
150553220G1,1,2021,1,1.0000,1,0,0.3723,0.9844,0.6784
150553221E1A,1,2021,1,0.9792,1,0,0.3833,0.9988,0.6911
150553221E2A,1,2021,1,0.9792,1,0,0.3727,0.9965,0.6846
150553221F,0,2020,1,0.9236,1,0,0.3791,1.0831,0.7311
150553221G,1,2021,1,1.0000,1,0,0.3627,0.9800,0.6713
150553221H,0,2020,1,1.0000,1,0,0.3599,0.9775,0.6687
150553228E,0,2020,1,1.0000,1,0,0.3652,1.0513,0.7083
150553229B1,1,2021,1,1.0000,1,0,0.3809,1.0089,0.6949
150553229E,0,2020,1,1.0000,1,0,0.3612,0.9752,0.6682
150553229H1,1,2021,1,1.0000,1,0,0.3749,1.0000,0.6875
150553230A,0,2020,1,1.0000,1,0,0.3599,0.9712,0.6656
150553230D1,1,2021,1,1.0000,1,0,0.3549,0.9708,0.6629
150553230F1,1,2021,1,0.9444,1,0,0.3633,0.9820,0.6726
150553230G,0,2020,1,1.0000,1,0,0.3659,1.0204,0.6932
150553232A,0,2020,1,1.0000,1,0,0.3608,1.0132,0.6870
150553232D1,1,2021,1,0.9514,1,0,0.3552,0.9604,0.6578
1505532NMA,0,2020,1,1.0000,1,0,0.3693,1.0142,0.6918
1505532NMBE,0,2020,1,1.0000,1,0,0.3786,1.1057,0.7422
1505532NMBW,0,2020,1,1.0000,1,0,0.3717,0.9977,0.6847
1505532NMCE1,1,2021,1,0.9479,1,0,0.3635,0.9803,0.6719
1505532NMCW1,1,2021,1,0.9792,1,0,0.3616,0.9854,0.6735
1505532NMD1,1,2021,1,1.0000,1,0,0.3596,0.9796,0.6696
1505532SMB1,1,2021,1,0.9688,1,0,0.3609,0.9812,0.6710
1505532SMH,0,2020,1,0.9688,1,0,0.3693,0.9977,0.6835
150559121GN02GA,0,2021,1,1.0000,1,1,0.5824,1.5956,1.0890
150559121GN06GA,0,2021,1,0.9792,1,1,0.5391,1.9826,1.2608
150559121KV07GA,0,2021,1,1.0000,1,1,0.5598,1.6489,1.1044
150559121KZ73GA,0,2021,1,1.0000,1,1,0.5781,1.6223,1.1002
150559121SK15FA,0,2020,0,0.0667,0,1,0.5250,2.3195,1.4223
150559121SK15FA,1,2021,0,0.2807,0,1,0.5244,2.7720,1.6482
150559121SK15FA,2,2022,0,0.2000,1,1,0.5047,1.5771,1.0409
150559122GN04GA,0,2020,0,0.0833,0,1,0.5418,2.1316,1.3367
150559122GN04GA,1,2021,0,0.0833,1,1,0.4645,1.4973,0.9809
150559122GN08GA,0,2020,0,0.0000,0,1,0.5928,1.5794,1.0861
150559122GN15GA,0,2020,0,0.0833,0,1,0.6421,1.7859,1.2140
150559122GN15GA,1,2021,0,0.1042,1,1,0.5689,1.6613,1.1151
